bowler,season,match,wickets,bowler's_runs,valid_ball,overs_bowled,economy,best,4W Hall,5W Hall
Sohail Tanvir,2008,11,22,266,247,41.1,6.47,6/ 14,1,1
Shane Warne,2008,15,19,404,312,52.0,7.77,3/ 19,0,0
S Sreesanth,2008,15,19,442,307,51.1,8.65,3/ 29,0,0
Shane Watson,2008,15,17,383,325,54.1,7.08,3/ 10,0,0
Manpreet Gony,2008,16,17,443,360,60.0,7.37,3/ 34,0,0
Albie Morkel,2008,13,17,399,288,48.0,8.31,4/ 32,1,0
Piyush Chawla,2008,15,17,389,281,46.5,8.37,3/ 25,0,0
Yo Mahesh,2008,11,16,370,253,42.1,8.79,4/ 36,1,0
Irfan Pathan,2008,14,15,350,318,53.0,6.6,2/ 18,0,0
Farveez Maharoof,2008,10,15,249,216,36.0,6.92,3/ 34,0,0
RP Singh,2008,14,15,442,308,51.2,8.63,3/ 35,0,0
Munaf Patel,2008,15,14,420,330,55.0,7.64,3/ 17,0,0
Siddharth Trivedi,2008,15,13,399,288,48.0,8.31,2/ 25,0,0
Zaheer Khan,2008,11,13,357,252,42.0,8.5,3/ 38,0,0
Glenn McGrath,2008,14,12,357,324,54.0,6.61,4/ 29,1,0
Ashish Nehra,2008,14,12,348,269,44.5,7.82,3/ 13,0,0
Umar Gul,2008,6,12,184,135,22.3,8.25,4/ 23,1,0
Shaun Pollock,2008,13,11,301,276,46.0,6.54,3/ 12,0,0
Muttiah Muralitharan,2008,15,11,404,348,58.0,6.97,2/ 39,0,0
Amit Mishra,2008,6,11,138,119,19.5,7.08,5/ 17,0,1
Pragyan Ojha,2008,12,11,289,221,36.5,7.92,2/ 18,0,0
Dhawal Kulkarni,2008,10,11,236,177,29.3,8.05,3/ 33,0,0
Dwayne Bravo,2008,9,11,232,171,28.3,8.2,3/ 24,0,0
Praveen Kumar,2008,13,11,366,268,44.4,8.24,3/ 23,0,0
Lakshmipathy Balaji,2008,9,11,286,198,33.0,8.67,5/ 24,0,1
Vikram Singh,2008,13,11,420,288,48.0,8.75,3/ 29,0,0
Dale Steyn,2008,10,10,252,228,38.0,6.63,3/ 27,0,0
Dilhara Fernando,2008,5,10,160,120,20.0,8.0,4/ 18,1,0
Ashoke Dinda,2008,12,9,260,234,39.0,6.67,3/ 33,0,0
Shahid Afridi,2008,10,9,225,180,30.0,7.5,3/ 28,0,0
Ajit Agarkar,2008,9,8,207,156,26.0,7.96,3/ 25,0,0
Yusuf Pathan,2008,13,8,230,169,28.1,8.19,3/ 22,0,0
Mohammad Asif,2008,8,8,296,192,32.0,9.25,2/ 19,0,0
Joginder Sharma,2008,7,8,239,148,24.4,9.8,2/ 27,0,0
Makhaya Ntini,2008,9,7,242,210,35.0,6.91,4/ 21,1,0
Ishant Sharma,2008,13,7,329,253,42.1,7.81,1/ 7,0,0
Anil Kumble,2008,10,7,304,230,38.2,7.96,3/ 14,0,0
James Hopes,2008,11,7,276,168,28.0,9.86,2/ 2,0,0
Palani Amarnath,2008,6,7,236,132,22.0,10.73,2/ 29,0,0
Sourav Ganguly,2008,7,6,128,120,20.0,6.4,2/ 21,0,0
Rajat Bhatia,2008,9,6,183,132,22.0,8.32,2/ 17,0,0
Laxmi Shukla,2008,9,6,124,72,12.0,10.33,3/ 6,0,0
Dwayne Smith,2008,4,5,83,66,11.0,7.55,3/ 26,0,0
Shoaib Akhtar,2008,3,5,54,42,7.0,7.71,4/ 11,1,0
Vinay Kumar,2008,8,5,182,138,23.0,7.91,3/ 27,0,0
Harbhajan Singh,2008,3,5,82,60,10.0,8.2,3/ 32,0,0
Rohan Raje,2008,6,5,137,98,16.2,8.46,2/ 16,0,0
Chaminda Vaas,2008,5,5,145,102,17.0,8.53,2/ 9,0,0
Pradeep Sangwan,2008,7,5,215,144,24.0,8.96,2/ 29,0,0
Brett Lee,2008,4,4,112,96,16.0,7.0,1/ 9,0,0
Sanath Jayasuriya,2008,8,4,159,126,21.0,7.57,3/ 14,0,0
Paidikalva Vijaykumar,2008,9,4,199,152,25.2,7.9,1/ 17,0,0
Sanjay Bangar,2008,9,4,219,150,25.0,8.76,2/ 34,0,0
Jacques Kallis,2008,11,4,311,206,34.2,9.09,2/ 39,0,0
Dominic Thornely,2008,4,3,40,42,7.0,5.71,2/ 7,0,0
Scott Styris,2008,8,3,199,162,27.0,7.37,1/ 24,0,0
Ramesh Powar,2008,5,3,91,72,12.0,7.58,2/ 22,0,0
Murali Kartik,2008,5,3,127,88,14.4,8.82,3/ 17,0,0
Yuvraj Singh,2008,6,3,83,54,9.0,9.22,2/ 12,0,0
Jacob Oram,2008,4,3,149,96,16.0,9.31,3/ 32,0,0
Gagandeep Singh,2008,4,3,141,84,14.0,10.07,1/ 33,0,0
Virender Sehwag,2008,7,3,133,66,11.0,12.09,1/ 2,0,0
Daniel Vettori,2008,2,2,54,48,8.0,6.75,1/ 19,0,0
Mohammad Hafeez,2008,4,2,68,60,10.0,6.8,1/ 8,0,0
Dimitri Mascarenhas,2008,1,2,29,24,4.0,7.25,2/ 29,0,0
Balachandra Akhil,2008,6,2,134,104,17.2,7.79,2/ 17,0,0
Virat Kohli,2008,4,2,61,46,7.4,8.24,2/ 25,0,0
Nuwan Zoysa,2008,3,2,99,66,11.0,9.0,1/ 30,0,0
Venugopal Rao,2008,7,2,137,84,14.0,9.79,2/ 25,0,0
Siddharth Chitnis,2008,2,2,60,36,6.0,10.0,2/ 40,0,0
David Hussey,2008,5,2,130,78,13.0,10.0,1/ 23,0,0
Musavir Khote,2008,2,2,51,30,5.0,10.2,2/ 29,0,0
Shoaib Malik,2008,5,2,85,51,8.3,10.24,1/ 6,0,0
Doddapaneni Kalyankrishna,2008,3,2,87,48,8.0,10.88,1/ 30,0,0
Tillakaratne Dilshan,2008,1,1,3,6,1.0,3.0,1/ 3,0,0
Ajantha Mendis,2008,1,1,24,24,4.0,6.0,1/ 24,0,0
Rohit Sharma,2008,1,1,25,24,4.0,6.25,1/ 25,0,0
Sarvesh Kumar,2008,2,1,42,30,5.0,8.4,1/ 18,0,0
Sunil Joshi,2008,4,1,82,55,9.1,9.01,1/ 27,0,0
Suresh Raina,2008,2,1,30,20,3.2,9.38,1/ 20,0,0
Dwaraka Ravi Teja,2008,1,1,19,12,2.0,9.5,1/ 19,0,0
Abhishek Nayar,2008,5,1,68,42,7.0,9.71,1/ 18,0,0
Ashley Noffke,2008,1,1,40,24,4.0,10.0,1/ 40,0,0
Andr√© Nel,2008,1,1,31,18,3.0,10.33,1/ 31,0,0
Dinesh Salunkhe,2008,5,1,78,47,7.5,10.4,1/ 21,0,0
Vidyut Sivaramakrishnan,2008,1,1,22,12,2.0,11.0,1/ 22,0,0
Brett Geeves,2008,2,1,91,48,8.0,11.38,1/ 50,0,0
Wilkin Mota,2008,2,1,36,18,3.0,12.0,1/ 24,0,0
Iqbal Abdulla,2008,1,0,22,18,3.0,7.33,0/ 22,0,0
Ravindra Jadeja,2008,2,0,21,13,2.1,10.0,0/ 0,0,0
Pankaj Singh,2008,5,0,129,72,12.0,10.75,0/ 12,0,0
Vikrant Yeligati,2008,2,0,59,30,5.0,11.8,0/ 16,0,0
Karan Goel,2008,1,0,25,12,2.0,12.5,0/ 25,0,0
Abdur Razzak,2008,1,0,29,12,2.0,14.5,0/ 29,0,0
Andrew Symonds,2008,3,0,101,41,6.5,15.54,0/ 20,0,0
Chamara Kapugedera,2008,3,0,49,17,2.5,19.6,0/ 8,0,0
Chamara Silva,2008,1,0,21,6,1.0,21.0,0/ 21,0,0
Cameron White,2008,1,0,24,6,1.0,24.0,0/ 24,0,0
RP Singh,2009,16,23,417,358,59.4,7.02,4/ 22,1,0
Anil Kumble,2009,16,21,347,355,59.1,5.87,5/ 5,1,1
Ashish Nehra,2009,13,19,346,306,51.0,6.78,3/ 27,0,0
Lasith Malinga,2009,13,18,312,297,49.3,6.33,3/ 11,0,0
Pragyan Ojha,2009,15,18,348,321,53.3,6.53,3/ 21,0,0
Irfan Pathan,2009,14,17,390,302,50.2,7.77,3/ 35,0,0
Munaf Patel,2009,11,16,241,209,34.5,6.99,2/ 14,0,0
Dirk Nannes,2009,13,15,372,297,49.3,7.55,3/ 27,0,0
Pradeep Sangwan,2009,13,15,360,280,46.4,7.76,3/ 18,0,0
Muttiah Muralitharan,2009,13,14,261,300,50.0,5.22,3/ 11,0,0
Amit Mishra,2009,11,14,294,253,42.1,6.98,3/ 14,0,0
Shane Warne,2009,13,14,365,300,50.0,7.3,3/ 24,0,0
Yusuf Abdulla,2009,9,14,241,168,28.0,8.61,4/ 31,2,0
Shadab Jakati,2009,8,13,217,174,29.0,7.48,4/ 22,2,0
Praveen Kumar,2009,13,13,394,298,49.4,7.98,3/ 30,0,0
Albie Morkel,2009,12,13,328,240,40.0,8.2,2/ 13,0,0
Lakshmipathy Balaji,2009,13,13,316,224,37.2,8.49,4/ 21,1,0
Harbhajan Singh,2009,13,12,256,264,44.0,5.82,4/ 17,1,0
Piyush Chawla,2009,14,12,308,269,44.5,6.92,2/ 22,0,0
Anureet Singh,2009,7,11,142,135,22.3,6.37,4/ 19,1,0
Ishant Sharma,2009,11,11,297,258,43.0,6.91,2/ 15,0,0
Rohit Sharma,2009,12,11,161,138,23.0,7.0,4/ 6,1,0
Dwayne Bravo,2009,11,11,259,199,33.1,7.82,3/ 34,0,0
Rajat Bhatia,2009,7,10,146,130,21.4,6.82,4/ 15,1,0
Roelof van der Merwe,2009,10,9,248,204,34.0,7.29,2/ 22,0,0
Vinay Kumar,2009,11,9,271,194,32.2,8.42,2/ 30,0,0
Suresh Raina,2009,10,7,164,166,27.4,5.99,2/ 17,0,0
Andrew Symonds,2009,8,7,160,144,24.0,6.67,2/ 18,0,0
Yusuf Pathan,2009,11,7,243,210,35.0,6.94,3/ 34,0,0
Daniel Vettori,2009,7,7,181,139,23.1,7.84,3/ 15,0,0
Brad Hodge,2009,9,7,161,120,20.0,8.05,3/ 29,0,0
Sanath Jayasuriya,2009,9,7,163,114,19.0,8.58,2/ 3,0,0
Ravindra Jadeja,2009,10,6,151,140,23.2,6.51,3/ 15,0,0
Zaheer Khan,2009,6,6,142,126,21.0,6.76,3/ 31,0,0
Dimitri Mascarenhas,2009,5,6,132,116,19.2,6.88,3/ 20,0,0
Yuvraj Singh,2009,9,6,142,120,20.0,7.1,3/ 13,0,0
Kamran Khan,2009,5,6,124,106,17.4,7.13,3/ 18,0,0
Ryan Harris,2009,8,6,230,186,31.0,7.42,3/ 27,0,0
Siddharth Trivedi,2009,7,6,152,120,20.0,7.6,2/ 19,0,0
Jacques Kallis,2009,14,6,353,276,46.0,7.67,2/ 18,0,0
S Sreesanth,2009,7,6,192,138,23.0,8.35,2/ 20,0,0
Ajit Agarkar,2009,11,6,284,186,31.0,9.16,2/ 15,0,0
Brett Lee,2009,5,5,111,120,20.0,5.55,3/ 15,0,0
Ramesh Powar,2009,8,5,132,126,21.0,6.29,2/ 11,0,0
Fidel Edwards,2009,6,5,154,140,23.2,6.64,2/ 27,0,0
Sudeep Tyagi,2009,8,5,136,114,19.0,7.16,2/ 18,0,0
Tirumalasetti Suman,2009,5,5,108,90,15.0,7.2,2/ 14,0,0
Dhawal Kulkarni,2009,8,5,206,156,26.0,7.92,1/ 21,0,0
Scott Styris,2009,2,5,64,48,8.0,8.0,3/ 32,0,0
Jacob Oram,2009,7,5,133,93,15.3,8.69,2/ 12,0,0
Shoaib Ahmed,2009,7,5,152,102,17.0,8.94,2/ 20,0,0
Manpreet Gony,2009,7,5,172,102,17.0,10.12,2/ 32,0,0
JP Duminy,2009,6,4,93,105,17.3,5.38,2/ 15,0,0
Murali Kartik,2009,10,4,201,204,34.0,5.91,2/ 28,0,0
Farveez Maharoof,2009,3,4,65,60,10.0,6.5,2/ 27,0,0
Kevin Pietersen,2009,4,4,85,78,13.0,6.54,2/ 31,0,0
Abhishek Nayar,2009,4,4,84,72,12.0,7.0,3/ 13,0,0
Balachandra Akhil,2009,5,4,80,66,11.0,7.27,2/ 18,0,0
Aavishkar Salvi,2009,5,4,134,102,17.0,7.88,2/ 19,0,0
Dillon du Preez,2009,2,4,56,42,7.0,8.0,3/ 32,0,0
Ashoke Dinda,2009,8,4,193,144,24.0,8.04,1/ 24,0,0
Venugopal Rao,2009,6,4,122,90,15.0,8.13,2/ 23,0,0
Chaminda Vaas,2009,2,4,71,48,8.0,8.88,2/ 19,0,0
Charl Langeveldt,2009,1,3,15,24,4.0,3.75,3/ 15,0,0
Johan Botha,2009,3,3,74,72,12.0,6.17,2/ 19,0,0
Jesse Ryder,2009,5,3,115,102,17.0,6.76,2/ 14,0,0
Wilkin Mota,2009,5,3,61,54,9.0,6.78,1/ 6,0,0
Laxmi Shukla,2009,5,3,100,84,14.0,7.14,3/ 25,0,0
Shane Harwood,2009,3,3,73,60,10.0,7.3,2/ 25,0,0
Ajantha Mendis,2009,4,3,117,96,16.0,7.31,2/ 19,0,0
Thilan Thushara,2009,2,3,60,48,8.0,7.5,2/ 28,0,0
Harmeet Singh,2009,7,3,192,137,22.5,8.53,2/ 23,0,0
Ravichandran Ashwin,2009,1,2,13,24,4.0,3.25,2/ 13,0,0
Dale Steyn,2009,3,2,62,54,9.0,6.89,1/ 21,0,0
Chetanya Nanda,2009,3,2,57,48,8.0,7.12,1/ 4,0,0
K P Appanna,2009,5,2,87,72,12.0,7.25,1/ 24,0,0
Sourav Ganguly,2009,6,2,97,72,12.0,8.08,2/ 24,0,0
Joginder Sharma,2009,4,2,57,42,7.0,8.14,1/ 10,0,0
Vikramjeet Malik,2009,5,2,98,72,12.0,8.17,1/ 12,0,0
Moises Henriques,2009,4,2,107,73,12.1,8.84,1/ 32,0,0
Pankaj Singh,2009,3,2,65,42,7.0,9.29,2/ 31,0,0
Andrew Flintoff,2009,3,2,105,66,11.0,9.55,1/ 11,0,0
Yogesh Nagar,2009,1,2,20,12,2.0,10.0,2/ 20,0,0
Ajinkya Rahane,2009,1,1,5,6,1.0,5.0,1/ 5,0,0
Lee Carseldine,2009,1,1,6,6,1.0,6.0,1/ 6,0,0
Tyron Henderson,2009,2,1,40,36,6.0,6.67,1/ 30,0,0
Graham Napier,2009,1,1,27,24,4.0,6.75,1/ 27,0,0
Chris Gayle,2009,7,1,144,113,18.5,7.78,1/ 21,0,0
Soumya Sarkar,2009,2,1,34,25,4.1,8.29,1/ 15,0,0
Dwayne Smith,2009,8,1,124,84,14.0,8.86,1/ 25,0,0
Vikram Singh,2009,4,1,82,54,9.0,9.11,1/ 22,0,0
Rohan Raje,2009,4,1,72,41,6.5,11.08,1/ 25,0,0
Yo Mahesh,2009,1,1,25,12,2.0,12.5,1/ 25,0,0
Ravi Bopara,2009,2,0,5,8,1.2,4.17,0/ 1,0,0
Morne Morkel,2009,2,0,40,42,7.0,5.71,0/ 20,0,0
Tillakaratne Dilshan,2009,8,0,98,96,16.0,6.12,0/ 4,0,0
Andrew McDonald,2009,1,0,22,18,3.0,7.33,0/ 22,0,0
Karan Goel,2009,4,0,61,48,8.0,7.62,0/ 11,0,0
Virat Kohli,2009,3,0,46,36,6.0,7.67,0/ 9,0,0
David Hussey,2009,3,0,34,24,4.0,8.5,0/ 6,0,0
Abhishek Raut,2009,4,0,36,24,4.0,9.0,0/ 6,0,0
Sachin Tendulkar,2009,4,0,58,36,6.0,9.67,0/ 7,0,0
Abhimanyu Mithun,2009,1,0,42,24,4.0,10.5,0/ 42,0,0
Jaskaran Singh,2009,1,0,32,18,3.0,10.67,0/ 32,0,0
Manoj Tiwary,2009,1,0,11,6,1.0,11.0,0/ 11,0,0
Rahil Shaikh,2009,1,0,11,6,1.0,11.0,0/ 11,0,0
Ranadeb Bose,2009,1,0,24,12,2.0,12.0,0/ 24,0,0
Ross Taylor,2009,1,0,13,6,1.0,13.0,0/ 13,0,0
Angelo Mathews,2009,1,0,31,14,2.2,14.09,0/ 31,0,0
Mashrafe Mortaza,2009,1,0,58,24,4.0,14.5,0/ 58,0,0
Virender Sehwag,2009,1,0,25,6,1.0,25.0,0/ 25,0,0
Pragyan Ojha,2010,16,21,429,353,58.5,7.33,3/ 26,0,0
Anil Kumble,2010,16,17,407,380,63.2,6.44,4/ 16,1,0
Amit Mishra,2010,14,17,363,318,53.0,6.85,3/ 25,0,0
Harbhajan Singh,2010,14,17,377,321,53.3,7.07,3/ 31,0,0
Vinay Kumar,2010,14,16,396,277,46.1,8.59,4/ 40,1,0
Muttiah Muralitharan,2010,12,15,329,288,48.0,6.85,3/ 16,0,0
Dale Steyn,2010,15,15,406,354,59.0,6.88,3/ 18,0,0
Lasith Malinga,2010,13,15,344,294,49.0,7.02,4/ 22,1,0
Kieron Pollard,2010,12,15,274,222,37.0,7.41,3/ 17,0,0
Zaheer Khan,2010,14,15,376,290,48.2,7.8,3/ 21,0,0
Irfan Pathan,2010,14,15,426,278,46.2,9.22,3/ 24,0,0
Ryan Harris,2010,8,14,233,184,30.4,7.66,3/ 18,0,0
Ravichandran Ashwin,2010,12,13,293,288,48.0,6.1,3/ 16,0,0
Shadab Jakati,2010,11,13,291,228,38.0,7.66,2/ 17,0,0
Jacques Kallis,2010,16,13,476,342,57.0,8.35,2/ 3,0,0
RP Singh,2010,12,13,370,252,42.0,8.81,3/ 17,0,0
Doug Bollinger,2010,8,12,207,186,31.0,6.68,4/ 13,1,0
Andrew Symonds,2010,16,12,372,318,53.0,7.02,3/ 21,0,0
Piyush Chawla,2010,14,12,367,294,49.0,7.49,3/ 24,0,0
Siddharth Trivedi,2010,10,11,260,213,35.3,7.37,3/ 16,0,0
Shane Warne,2010,14,11,381,300,50.0,7.62,4/ 21,1,0
Albie Morkel,2010,14,11,405,286,47.4,8.54,2/ 23,0,0
Praveen Kumar,2010,12,10,380,270,45.0,8.44,3/ 18,0,0
Shaun Tait,2010,8,10,264,187,31.1,8.49,3/ 22,0,0
Chaminda Vaas,2010,6,9,139,132,22.0,6.32,3/ 21,0,0
Murali Kartik,2010,10,9,253,234,39.0,6.49,2/ 20,0,0
Ashoke Dinda,2010,7,9,152,139,23.1,6.58,2/ 15,0,0
Shane Bond,2010,8,9,224,186,31.0,7.23,2/ 24,0,0
Pradeep Sangwan,2010,8,9,258,186,31.0,8.32,3/ 22,0,0
Harmeet Singh,2010,8,8,174,144,24.0,7.25,2/ 24,0,0
Angelo Mathews,2010,12,8,314,225,37.3,8.42,4/ 19,1,0
Farveez Maharoof,2010,7,8,206,144,24.0,8.58,2/ 13,0,0
Dirk Nannes,2010,9,7,224,206,34.2,6.55,2/ 12,0,0
Dilhara Fernando,2010,5,7,138,114,19.0,7.26,2/ 23,0,0
Lakshmipathy Balaji,2010,7,7,207,140,23.2,8.92,2/ 9,0,0
Ishant Sharma,2010,7,7,236,150,25.0,9.44,2/ 33,0,0
Ashish Nehra,2010,4,6,96,84,14.0,6.86,3/ 26,0,0
Suresh Raina,2010,12,6,178,143,23.5,7.57,1/ 0,0,0
Umesh Yadav,2010,7,6,184,144,24.0,7.67,2/ 24,0,0
Juan Theron,2010,7,6,187,144,24.0,7.79,2/ 17,0,0
Shane Watson,2010,6,6,184,132,22.0,8.36,3/ 37,0,0
Shalabh Srivastava,2010,8,6,255,162,27.0,9.44,2/ 23,0,0
Jaskaran Singh,2010,6,6,139,84,14.0,9.93,2/ 18,0,0
Yuvraj Singh,2010,10,5,152,138,23.0,6.61,2/ 21,0,0
Paul Collingwood,2010,6,5,101,89,14.5,6.97,2/ 19,0,0
Thilan Thushara,2010,4,5,101,87,14.3,7.06,2/ 16,0,0
Yusuf Pathan,2010,11,5,246,204,34.0,7.24,2/ 9,0,0
Charl Langeveldt,2010,3,5,88,66,11.0,8.0,2/ 26,0,0
Rahul Sharma,2010,6,5,167,124,20.4,8.19,2/ 42,0,0
Ravi Bopara,2010,5,5,127,78,13.0,9.77,3/ 31,0,0
Andrew McDonald,2010,4,5,138,84,14.0,9.86,2/ 37,0,0
Aditya Dole,2010,3,5,112,66,11.0,10.18,2/ 36,0,0
Sumit Narwal,2010,5,5,185,94,15.4,12.01,3/ 36,0,0
Ryan McLaren,2010,10,4,270,204,34.0,7.94,2/ 28,0,0
Dimitri Mascarenhas,2010,2,4,65,48,8.0,8.12,2/ 31,0,0
Jaydev Unadkat,2010,3,4,85,62,10.2,8.33,3/ 26,0,0
Dwayne Bravo,2010,10,4,228,157,26.1,8.74,2/ 11,0,0
Ajit Agarkar,2010,7,4,203,132,22.0,9.23,2/ 32,0,0
Chris Gayle,2010,6,4,152,96,16.0,9.5,1/ 9,0,0
Sarabjit Ladda,2010,5,4,143,90,15.0,9.53,2/ 44,0,0
Virender Sehwag,2010,3,3,23,34,5.4,4.26,2/ 18,0,0
Ramesh Powar,2010,7,3,160,138,23.0,6.96,2/ 28,0,0
Justin Kemp,2010,5,3,54,44,7.2,7.5,3/ 12,0,0
Ali Murtuza,2010,3,3,91,72,12.0,7.58,2/ 18,0,0
Kevin Pietersen,2010,6,3,77,60,10.0,7.7,1/ 10,0,0
Rajat Bhatia,2010,5,3,132,96,16.0,8.25,1/ 24,0,0
Tillakaratne Dilshan,2010,4,3,70,49,8.1,8.64,1/ 7,0,0
Kamran Khan,2010,3,3,53,36,6.0,8.83,2/ 13,0,0
Laxmi Shukla,2010,4,3,106,72,12.0,8.83,1/ 30,0,0
Love Ablish,2010,2,3,36,24,4.0,9.0,2/ 17,0,0
Munaf Patel,2010,4,3,118,78,13.0,9.08,1/ 20,0,0
Bipul Sharma,2010,4,3,94,60,10.0,9.4,1/ 19,0,0
S Sreesanth,2010,6,3,191,114,19.0,10.05,2/ 24,0,0
Roelof van der Merwe,2010,1,2,27,24,4.0,6.75,2/ 27,0,0
Sanath Jayasuriya,2010,4,2,68,54,9.0,7.56,2/ 17,0,0
Rohit Sharma,2010,9,2,153,114,19.0,8.05,1/ 19,0,0
Brad Hodge,2010,4,2,41,30,5.0,8.2,1/ 4,0,0
Ajantha Mendis,2010,2,2,66,48,8.0,8.25,2/ 22,0,0
Daniel Vettori,2010,3,2,97,70,11.4,8.51,1/ 30,0,0
Mitchell Marsh,2010,3,2,88,60,10.0,8.8,1/ 19,0,0
Pankaj Singh,2010,2,2,81,48,8.0,10.12,2/ 27,0,0
Rajagopal Sathish,2010,4,2,81,48,8.0,10.12,1/ 11,0,0
Amit Uniyal,2010,2,2,66,36,6.0,11.0,2/ 41,0,0
Joginder Sharma,2010,3,2,89,48,8.0,11.12,1/ 23,0,0
Nayan Doshi,2010,1,1,17,24,4.0,4.25,1/ 17,0,0
JP Duminy,2010,2,1,37,33,5.3,6.98,1/ 15,0,0
K P Appanna,2010,2,1,51,42,7.0,7.29,1/ 24,0,0
Iqbal Abdulla,2010,3,1,61,51,8.3,7.35,1/ 28,0,0
Yo Mahesh,2010,1,1,23,18,3.0,7.67,1/ 23,0,0
Vikramjeet Malik,2010,3,1,62,43,7.1,8.73,1/ 23,0,0
Moises Henriques,2010,1,1,35,24,4.0,8.75,1/ 35,0,0
Yogesh Nagar,2010,1,1,28,18,3.0,9.33,1/ 28,0,0
Dhawal Kulkarni,2010,1,1,40,24,4.0,10.0,1/ 40,0,0
Yusuf Abdulla,2010,2,1,66,41,6.5,10.15,1/ 30,0,0
Sudeep Tyagi,2010,6,1,159,95,15.5,10.26,1/ 20,0,0
Dwayne Smith,2010,2,1,36,23,3.5,10.29,1/ 22,0,0
Manoj Tiwary,2010,1,1,11,6,1.0,11.0,1/ 11,0,0
Manpreet Gony,2010,3,1,92,48,8.0,11.5,1/ 33,0,0
Abhimanyu Mithun,2010,1,1,39,18,3.0,13.0,1/ 39,0,0
Shrikant Wagh,2010,1,1,16,6,1.0,16.0,1/ 16,0,0
Aaron Finch,2010,1,0,5,7,1.1,4.55,0/ 5,0,0
Balachandra Akhil,2010,1,0,6,6,1.0,6.0,0/ 6,0,0
Karan Goel,2010,1,0,7,6,1.0,7.0,0/ 7,0,0
Rohan Gavaskar,2010,1,0,8,6,1.0,8.0,0/ 8,0,0
David Hussey,2010,5,0,80,60,10.0,8.0,0/ 7,0,0
Adam Voges,2010,7,0,76,54,9.0,8.44,0/ 5,0,0
Stuart Binny,2010,1,0,9,6,1.0,9.0,0/ 9,0,0
Morne Morkel,2010,2,0,66,42,7.0,9.43,0/ 32,0,0
Virat Kohli,2010,4,0,50,32,5.2,9.62,0/ 1,0,0
Venugopal Rao,2010,1,0,10,6,1.0,10.0,0/ 10,0,0
Faiz Fazal,2010,2,0,20,12,2.0,10.0,0/ 6,0,0
Kemar Roach,2010,2,0,80,48,8.0,10.0,0/ 32,0,0
Brett Lee,2010,4,0,149,87,14.3,10.42,0/ 24,0,0
Sourav Ganguly,2010,3,0,43,24,4.0,10.75,0/ 12,0,0
Mohnsinh Parmar,2010,1,0,33,18,3.0,11.0,0/ 33,0,0
Abhishek Jhunjhunwala,2010,5,0,69,37,6.1,11.31,0/ 2,0,0
Sridharan Sriram,2010,1,0,24,12,2.0,12.0,0/ 24,0,0
Tirumalasetti Suman,2010,2,0,24,12,2.0,12.0,0/ 8,0,0
Abu Nechim,2010,1,0,26,12,2.0,13.0,0/ 26,0,0
Chandrasekar Ganapathy,2010,1,0,13,6,1.0,13.0,0/ 13,0,0
Vikram Singh,2010,1,0,40,18,3.0,13.33,0/ 40,0,0
Cameron White,2010,1,0,19,6,1.0,19.0,0/ 19,0,0
Thisara Perera,2010,1,0,19,6,1.0,19.0,0/ 19,0,0
Lasith Malinga,2011,16,28,375,378,63.0,5.95,5/ 13,0,1
Munaf Patel,2011,15,22,358,326,54.2,6.61,5/ 21,0,1
Sreenath Aravind,2011,13,21,368,276,46.0,8.0,4/ 14,1,0
Ravichandran Ashwin,2011,16,20,388,378,63.0,6.16,3/ 16,0,0
Amit Mishra,2011,14,19,358,320,53.2,6.73,4/ 9,1,0
Doug Bollinger,2011,13,17,329,282,47.0,7.0,3/ 21,0,0
Rahul Sharma,2011,14,16,273,300,50.0,5.46,3/ 13,0,0
Iqbal Abdulla,2011,15,16,305,300,50.0,6.1,3/ 24,0,0
Ryan Harris,2011,13,16,382,282,47.0,8.13,3/ 28,0,0
Piyush Chawla,2011,12,16,336,248,41.2,8.16,4/ 17,1,0
Albie Morkel,2011,14,15,382,270,45.0,8.49,3/ 29,0,0
Dale Steyn,2011,12,14,299,273,45.3,6.6,3/ 16,0,0
Harbhajan Singh,2011,15,14,370,318,53.0,6.98,5/ 18,0,1
Zaheer Khan,2011,15,14,455,354,59.0,7.71,3/ 32,0,0
Yusuf Pathan,2011,14,13,238,234,39.0,6.1,3/ 20,0,0
Shane Warne,2011,12,13,297,282,47.0,6.32,3/ 16,0,0
RP Singh,2011,14,13,345,300,50.0,6.9,4/ 25,1,0
Morne Morkel,2011,11,13,325,258,43.0,7.56,3/ 18,0,0
Daniel Vettori,2011,13,12,311,310,51.4,6.05,3/ 19,0,0
Vinay Kumar,2011,13,12,335,268,44.4,7.55,3/ 25,0,0
Shakib Al Hasan,2011,7,11,175,153,25.3,6.92,3/ 28,0,0
Ishant Sharma,2011,12,11,314,264,44.0,7.14,5/ 12,0,1
Irfan Pathan,2011,13,11,344,275,45.5,7.56,3/ 28,0,0
Daniel Christian,2011,14,11,350,274,45.4,7.71,2/ 13,0,0
Alfonso Thomas,2011,11,11,297,231,38.3,7.75,2/ 23,0,0
Pragyan Ojha,2011,10,10,267,221,36.5,7.32,3/ 26,0,0
Praveen Kumar,2011,13,10,345,276,46.0,7.5,2/ 19,0,0
Shadab Jakati,2011,14,10,336,265,44.1,7.62,2/ 21,0,0
Lakshmipathy Balaji,2011,14,10,371,266,44.2,8.39,3/ 15,0,0
Kieron Pollard,2011,16,10,361,255,42.3,8.53,2/ 24,0,0
Siddharth Trivedi,2011,12,10,303,214,35.4,8.56,3/ 15,0,0
Yuvraj Singh,2011,13,9,192,174,29.0,6.62,4/ 29,1,0
Wayne Parnell,2011,8,9,213,176,29.2,7.29,3/ 35,0,0
Anureet Singh,2011,9,9,215,171,28.3,7.6,3/ 35,0,0
Bhargav Bhatt,2011,8,9,229,167,27.5,8.33,4/ 22,1,0
Rajat Bhatia,2011,12,8,210,192,32.0,6.56,3/ 22,0,0
Chris Gayle,2011,12,8,244,216,36.0,6.78,3/ 21,0,0
Ravindra Jadeja,2011,14,8,305,252,42.0,7.26,2/ 25,0,0
Ajit Agarkar,2011,7,8,231,162,27.0,8.56,2/ 23,0,0
Shalabh Srivastava,2011,6,8,186,120,20.0,9.3,2/ 20,0,0
S Sreesanth,2011,9,7,206,191,31.5,6.54,2/ 10,0,0
Johan Botha,2011,10,7,239,216,36.0,6.64,3/ 6,0,0
Brad Hodge,2011,4,7,77,66,11.0,7.0,4/ 13,1,0
Mitchell Marsh,2011,5,7,99,85,14.1,7.02,4/ 25,1,0
Jacques Kallis,2011,9,7,170,144,24.0,7.08,2/ 16,0,0
Paul Valthaty,2011,9,7,189,145,24.1,7.84,4/ 29,1,0
James Hopes,2011,9,7,272,192,32.0,8.5,1/ 25,0,0
Shane Watson,2011,10,6,241,216,36.0,6.69,3/ 19,0,0
Suraj Randiv,2011,8,6,223,174,29.0,7.69,2/ 24,0,0
Dwayne Bravo,2011,6,6,157,120,20.0,7.85,2/ 21,0,0
Jerome Taylor,2011,5,6,157,117,19.3,8.13,3/ 30,0,0
Jaydev Unadkat,2011,6,6,150,108,18.0,8.33,2/ 25,0,0
Shaun Tait,2011,4,6,127,89,14.5,8.76,3/ 22,0,0
Roelof van der Merwe,2011,4,5,92,89,14.5,6.34,3/ 20,0,0
Dhawal Kulkarni,2011,6,5,149,120,20.0,7.45,3/ 26,0,0
Brett Lee,2011,12,5,338,272,45.2,7.48,1/ 12,0,0
Charl Langeveldt,2011,3,5,84,66,11.0,7.64,2/ 10,0,0
Raiphi Gomez,2011,8,5,124,90,15.0,8.27,2/ 14,0,0
Abu Nechim,2011,6,5,169,120,20.0,8.45,2/ 13,0,0
Syed Mohammad,2011,5,5,127,90,15.0,8.47,2/ 25,0,0
Ashoke Dinda,2011,5,5,152,102,17.0,8.94,2/ 42,0,0
Abhimanyu Mithun,2011,12,5,321,204,34.0,9.44,2/ 37,0,0
Ryan McLaren,2011,6,5,178,108,18.0,9.89,2/ 33,0,0
Bipul Sharma,2011,4,4,78,72,12.0,6.5,2/ 32,0,0
Suresh Raina,2011,12,4,201,165,27.3,7.36,2/ 0,0,0
Shahbaz Nadeem,2011,5,4,142,114,19.0,7.47,2/ 39,0,0
Shrikant Wagh,2011,7,4,121,96,16.0,7.56,3/ 16,0,0
Jesse Ryder,2011,7,4,118,92,15.2,7.76,1/ 8,0,0
JP Duminy,2011,8,4,143,108,18.0,7.94,1/ 3,0,0
Tim Southee,2011,5,4,166,114,19.0,8.74,1/ 30,0,0
Prashanth Parameswaran,2011,5,4,137,94,15.4,8.9,2/ 20,0,0
Manpreet Gony,2011,3,4,85,54,9.0,9.44,3/ 31,0,0
Ali Murtuza,2011,5,3,117,120,20.0,5.85,2/ 18,0,0
Bhuvneshwar Kumar,2011,4,3,67,66,11.0,6.09,2/ 14,0,0
Harmeet Singh,2011,2,3,53,42,7.0,7.57,2/ 27,0,0
Aavishkar Salvi,2011,2,3,66,48,8.0,8.25,2/ 40,0,0
James Franklin,2011,6,3,99,61,10.1,9.8,2/ 35,0,0
Anand Rajan,2011,2,3,50,30,5.0,10.0,3/ 27,0,0
Johan van der Wath,2011,3,3,129,72,12.0,10.75,2/ 49,0,0
Ryan Ninan,2011,2,3,65,36,6.0,10.83,2/ 31,0,0
Varun Aaron,2011,3,2,82,72,12.0,6.83,1/ 20,0,0
Muttiah Muralitharan,2011,5,2,141,114,19.0,7.42,1/ 18,0,0
Dirk Nannes,2011,2,2,31,24,4.0,7.75,1/ 0,0,0
Thisara Perera,2011,4,2,111,84,14.0,7.93,1/ 30,0,0
Ashok Menaria,2011,9,2,121,90,15.0,8.07,2/ 20,0,0
Virat Kohli,2011,10,2,139,102,17.0,8.18,1/ 8,0,0
Ramesh Powar,2011,5,2,112,72,12.0,9.33,1/ 20,0,0
Umesh Yadav,2011,6,2,169,108,18.0,9.39,2/ 29,0,0
Abhishek Nayar,2011,6,2,95,61,10.1,9.41,1/ 22,0,0
James Faulkner,2011,1,1,9,12,2.0,4.5,1/ 9,0,0
Shikhar Dhawan,2011,2,1,11,12,2.0,5.5,1/ 7,0,0
Shrikant Mundhe,2011,1,1,6,6,1.0,6.0,1/ 6,0,0
Murali Kartik,2011,6,1,166,125,20.5,8.1,1/ 27,0,0
Nuwan Kulasekara,2011,1,1,26,18,3.0,8.67,1/ 26,0,0
Tillakaratne Dilshan,2011,6,1,108,72,12.0,9.0,1/ 30,0,0
Andrew Symonds,2011,3,1,41,24,4.0,10.25,1/ 11,0,0
Jacob Oram,2011,2,1,45,24,4.0,11.25,1/ 32,0,0
Nayan Doshi,2011,3,1,62,32,5.2,11.92,1/ 15,0,0
David Hussey,2011,2,1,38,18,3.0,12.67,1/ 19,0,0
Yogesh Nagar,2011,5,1,67,30,5.0,13.4,1/ 3,0,0
Sachin Rana,2011,1,0,2,4,0.4,5.0,0/ 2,0,0
Ankeet Chavan,2011,2,0,27,30,5.0,5.4,0/ 10,0,0
Mithun Manhas,2011,3,0,42,42,7.0,6.0,0/ 9,0,0
Nathan Rimmington,2011,1,0,19,18,3.0,6.33,0/ 19,0,0
Aaron Finch,2011,1,0,13,12,2.0,6.5,0/ 13,0,0
Vikramjeet Malik,2011,1,0,13,12,2.0,6.5,0/ 13,0,0
Nathan McCullum,2011,2,0,34,30,5.0,6.8,0/ 12,0,0
Gnaneshwara Rao,2011,1,0,7,6,1.0,7.0,0/ 7,0,0
Ryan ten Doeschate,2011,1,0,7,6,1.0,7.0,0/ 7,0,0
Abhishek Raut,2011,1,0,8,6,1.0,8.0,0/ 8,0,0
Rajagopal Sathish,2011,4,0,41,31,5.1,8.04,0/ 5,0,0
Tirumalasetti Suman,2011,3,0,50,36,6.0,8.33,0/ 12,0,0
Dwaraka Ravi Teja,2011,1,0,9,6,1.0,9.0,0/ 9,0,0
Asad Pathan,2011,2,0,49,33,5.3,9.25,0/ 19,0,0
Abrar Kazi,2011,1,0,21,12,2.0,10.5,0/ 21,0,0
Sarabjit Ladda,2011,2,0,42,24,4.0,10.5,0/ 13,0,0
Balachandra Akhil,2011,1,0,22,12,2.0,11.0,0/ 22,0,0
Ray Price,2011,1,0,33,18,3.0,11.0,0/ 33,0,0
Ross Taylor,2011,1,0,11,6,1.0,11.0,0/ 11,0,0
Abhishek Jhunjhunwala,2011,2,0,22,12,2.0,11.0,0/ 11,0,0
Stuart Binny,2011,3,0,44,24,4.0,11.0,0/ 12,0,0
Joginder Sharma,2011,1,0,34,18,3.0,11.33,0/ 34,0,0
Andrew McDonald,2011,1,0,23,12,2.0,11.5,0/ 23,0,0
Pankaj Singh,2011,1,0,23,12,2.0,11.5,0/ 23,0,0
Manoj Tiwary,2011,2,0,23,12,2.0,11.5,0/ 9,0,0
Love Ablish,2011,1,0,39,18,3.0,13.0,0/ 39,0,0
Scott Styris,2011,1,0,13,6,1.0,13.0,0/ 13,0,0
Venugopal Rao,2011,2,0,26,12,2.0,13.0,0/ 12,0,0
Rohit Sharma,2011,3,0,53,24,4.0,13.25,0/ 14,0,0
Kamran Khan,2011,1,0,47,18,3.0,15.67,0/ 47,0,0
Padmanabhan Prasanth,2011,1,0,18,6,1.0,18.0,0/ 18,0,0
Bharat Chipli,2011,1,0,20,6,1.0,20.0,0/ 20,0,0
Ishan Malhotra,2011,1,0,23,6,1.0,23.0,0/ 23,0,0
Sridharan Sriram,2011,1,0,25,6,1.0,25.0,0/ 25,0,0
Morne Morkel,2012,16,25,453,378,63.0,7.19,4/ 20,1,0
Sunil Narine,2012,15,24,324,355,59.1,5.48,5/ 19,1,1
Lasith Malinga,2012,14,22,350,333,55.3,6.33,4/ 16,1,0
Umesh Yadav,2012,17,19,453,366,61.0,7.43,3/ 19,0,0
Vinay Kumar,2012,14,19,480,335,55.5,8.65,3/ 22,0,0
Dale Steyn,2012,12,18,285,280,46.4,6.14,3/ 8,0,0
Zaheer Khan,2012,15,17,453,360,60.0,7.55,3/ 38,0,0
Parvinder Awana,2012,12,17,372,282,47.0,7.91,4/ 34,1,0
Piyush Chawla,2012,16,16,419,342,57.0,7.35,3/ 18,0,0
Kieron Pollard,2012,14,16,350,263,43.5,8.05,4/ 44,1,0
Muttiah Muralitharan,2012,10,15,260,240,40.0,6.5,3/ 21,0,0
Jacques Kallis,2012,16,15,403,324,54.0,7.46,2/ 7,0,0
Munaf Patel,2012,12,15,367,280,46.4,7.91,4/ 20,2,0
Dwayne Bravo,2012,18,15,462,346,57.4,8.05,2/ 10,0,0
Ravichandran Ashwin,2012,18,14,431,395,65.5,6.58,3/ 23,0,0
Benjamin Hilfenhaus,2012,9,14,233,204,34.0,6.85,3/ 27,0,0
Azhar Mahmood,2012,11,14,329,256,42.4,7.76,3/ 20,0,0
Siddharth Trivedi,2012,14,13,380,312,52.0,7.31,4/ 25,1,0
Rajat Bhatia,2012,16,13,389,319,53.1,7.33,2/ 14,0,0
Albie Morkel,2012,15,13,385,297,49.3,7.81,3/ 29,0,0
Amit Mishra,2012,14,13,377,282,47.0,8.02,3/ 32,0,0
Shakib Al Hasan,2012,8,12,195,180,30.0,6.5,3/ 17,0,0
Ravindra Jadeja,2012,14,12,273,210,35.0,7.8,5/ 16,0,1
Lakshmipathy Balaji,2012,8,11,162,180,30.0,5.4,4/ 18,1,0
Ashish Nehra,2012,13,11,402,288,48.0,8.38,3/ 23,0,0
Ashish Reddy,2012,9,11,237,163,27.1,8.75,3/ 25,0,0
Brad Hogg,2012,9,10,253,216,36.0,7.03,2/ 31,0,0
Kevon Cooper,2012,6,10,174,144,24.0,7.25,4/ 26,1,0
RP Singh,2012,11,10,318,246,41.0,7.76,3/ 28,0,0
Veer Pratap Singh,2012,9,10,296,204,34.0,8.71,2/ 31,0,0
Anureet Singh,2012,9,10,310,197,32.5,9.54,2/ 29,0,0
Praveen Kumar,2012,16,9,434,378,63.0,6.89,2/ 15,0,0
Ashoke Dinda,2012,7,9,169,144,24.0,7.04,4/ 18,1,0
Johan Botha,2012,11,9,297,246,41.0,7.24,2/ 21,0,0
Pragyan Ojha,2012,9,9,220,180,30.0,7.33,2/ 17,0,0
Rahul Sharma,2012,11,9,300,222,37.0,8.11,2/ 16,0,0
Shadab Jakati,2012,15,9,336,246,41.0,8.2,2/ 14,0,0
Harshal Patel,2012,11,9,340,246,41.0,8.29,2/ 24,0,0
Shahbaz Nadeem,2012,12,8,318,270,45.0,7.07,3/ 16,0,0
Bhuvneshwar Kumar,2012,11,8,281,234,39.0,7.21,2/ 9,0,0
Ryan Harris,2012,5,8,130,108,18.0,7.22,4/ 34,1,0
Marlon Samuels,2012,8,8,216,172,28.4,7.61,3/ 39,0,0
Irfan Pathan,2012,17,8,465,360,60.0,7.75,2/ 46,0,0
Daniel Christian,2012,7,8,233,162,27.0,8.63,2/ 26,0,0
Doug Bollinger,2012,6,8,157,108,18.0,8.72,3/ 24,0,0
Varun Aaron,2012,8,8,271,186,31.0,8.74,2/ 19,0,0
Dimitri Mascarenhas,2012,4,7,105,96,16.0,6.56,5/ 25,0,1
Pawan Negi,2012,6,7,152,132,22.0,6.91,4/ 18,1,0
Angelo Mathews,2012,9,7,192,156,26.0,7.38,2/ 17,0,0
Brett Lee,2012,10,7,299,228,38.0,7.87,2/ 26,0,0
Pankaj Singh,2012,6,7,170,126,21.0,8.1,2/ 18,0,0
Harmeet Singh,2012,7,7,191,134,22.2,8.6,3/ 24,0,0
Ankeet Chavan,2012,8,7,236,164,27.2,8.68,2/ 23,0,0
Shaun Tait,2012,6,6,151,137,22.5,6.71,3/ 13,0,0
Shane Watson,2012,7,6,161,138,23.0,7.0,2/ 19,0,0
Harbhajan Singh,2012,16,6,384,324,54.0,7.11,2/ 13,0,0
Dhawal Kulkarni,2012,2,6,64,48,8.0,8.0,3/ 18,0,0
James Franklin,2012,9,6,121,90,15.0,8.07,2/ 18,0,0
K P Appanna,2012,6,6,148,102,17.0,8.71,4/ 19,1,0
Andrew McDonald,2012,3,5,61,60,10.0,6.1,2/ 25,0,0
Wayne Parnell,2012,6,5,128,126,21.0,6.1,2/ 18,0,0
Ajit Chandila,2012,4,5,86,84,14.0,6.14,4/ 13,1,0
Daniel Vettori,2012,9,5,236,210,35.0,6.74,1/ 20,0,0
Prashanth Parameswaran,2012,3,5,87,60,10.0,8.7,3/ 30,0,0
Iqbal Abdulla,2012,8,4,144,132,22.0,6.55,1/ 20,0,0
Nuwan Kulasekara,2012,4,4,94,84,14.0,6.71,2/ 10,0,0
Ankit Sharma,2012,9,4,165,145,24.1,6.85,1/ 9,0,0
Murali Kartik,2012,11,4,266,216,36.0,7.39,2/ 14,0,0
David Hussey,2012,6,3,63,54,9.0,7.0,2/ 2,0,0
Alfonso Thomas,2012,4,3,109,84,14.0,7.79,3/ 22,0,0
Stuart Binny,2012,6,3,78,60,10.0,7.8,1/ 8,0,0
Doug Bracewell,2012,1,3,32,24,4.0,8.0,3/ 32,0,0
Yusuf Pathan,2012,12,3,182,132,22.0,8.27,2/ 12,0,0
Manpreet Gony,2012,6,3,207,144,24.0,8.62,1/ 26,0,0
Robin Peterson,2012,4,3,70,48,8.0,8.75,3/ 37,0,0
Yo Mahesh,2012,4,3,81,56,9.2,8.8,2/ 21,0,0
James Faulkner,2012,2,3,72,48,8.0,9.0,2/ 41,0,0
Shikhar Dhawan,2012,4,3,55,36,6.0,9.17,1/ 8,0,0
Ajit Agarkar,2012,4,3,134,86,14.2,9.44,2/ 27,0,0
Anand Rajan,2012,4,3,109,71,11.5,9.48,1/ 11,0,0
Marchant de Lange,2012,3,3,107,60,10.0,10.7,3/ 34,0,0
Roelof van der Merwe,2012,3,2,60,60,10.0,6.0,2/ 28,0,0
Michael Clarke,2012,5,2,67,66,11.0,6.09,1/ 12,0,0
Dwayne Smith,2012,6,2,95,78,13.0,7.31,1/ 8,0,0
Suresh Raina,2012,7,2,105,84,14.0,7.5,1/ 5,0,0
Juan Theron,2012,2,2,66,48,8.0,8.25,2/ 37,0,0
Bhargav Bhatt,2012,5,2,136,99,16.3,8.34,2/ 24,0,0
Sourav Ganguly,2012,4,2,95,60,10.0,9.5,2/ 27,0,0
Laxmi Shukla,2012,2,1,12,12,2.0,6.0,1/ 5,0,0
Abhishek Jhunjhunwala,2012,3,1,38,36,6.0,6.33,1/ 13,0,0
Ashok Menaria,2012,3,1,23,20,3.2,7.19,1/ 3,0,0
Glenn Maxwell,2012,2,1,22,18,3.0,7.33,1/ 10,0,0
Ryan ten Doeschate,2012,1,1,24,18,3.0,8.0,1/ 24,0,0
Clint McKay,2012,2,1,60,42,7.0,8.57,1/ 36,0,0
JP Duminy,2012,6,1,104,72,12.0,8.67,1/ 8,0,0
Jesse Ryder,2012,4,1,70,42,7.0,10.0,1/ 25,0,0
Andre Russell,2012,4,1,161,96,16.0,10.06,1/ 51,0,0
Pradeep Sangwan,2012,1,1,42,24,4.0,10.5,1/ 42,0,0
Brad Hodge,2012,2,1,21,12,2.0,10.5,1/ 13,0,0
TP Sudhindra,2012,3,1,136,70,11.4,11.93,1/ 46,0,0
Ali Murtuza,2012,1,0,11,12,2.0,5.5,0/ 11,0,0
Krishnakant Upadhyay,2012,1,0,33,24,4.0,8.25,0/ 33,0,0
Abu Nechim,2012,1,0,17,12,2.0,8.5,0/ 17,0,0
Daniel Harris,2012,2,0,26,18,3.0,8.67,0/ 11,0,0
Kevin Pietersen,2012,3,0,53,36,6.0,8.83,0/ 16,0,0
Cameron White,2012,2,0,27,18,3.0,9.0,0/ 8,0,0
Syed Mohammad,2012,2,0,65,42,7.0,9.29,0/ 27,0,0
Yogesh Nagar,2012,1,0,10,6,1.0,10.0,0/ 10,0,0
Rahul Shukla,2012,1,0,31,18,3.0,10.33,0/ 31,0,0
Jaydev Unadkat,2012,1,0,32,18,3.0,10.67,0/ 32,0,0
Ramesh Powar,2012,1,0,32,18,3.0,10.67,0/ 32,0,0
Bipul Sharma,2012,3,0,79,46,7.4,10.68,0/ 11,0,0
Abhimanyu Mithun,2012,1,0,33,18,3.0,11.0,0/ 33,0,0
Tillakaratne Dilshan,2012,5,0,77,42,7.0,11.0,0/ 6,0,0
Virender Sehwag,2012,3,0,45,24,4.0,11.25,0/ 9,0,0
Thisara Perera,2012,2,0,27,15,2.3,11.74,0/ 8,0,0
Luke Wright,2012,1,0,24,12,2.0,12.0,0/ 24,0,0
Venugopal Rao,2012,2,0,26,12,2.0,13.0,0/ 13,0,0
Asad Pathan,2012,1,0,14,6,1.0,14.0,0/ 14,0,0
Chris Gayle,2012,3,0,66,28,4.4,15.0,0/ 6,0,0
Sunny Gupta,2012,1,0,47,18,3.0,15.67,0/ 47,0,0
Abhishek Nayar,2012,1,0,16,6,1.0,16.0,0/ 16,0,0
Faf du Plessis,2012,1,0,16,6,1.0,16.0,0/ 16,0,0
Paul Valthaty,2012,1,0,16,6,1.0,16.0,0/ 16,0,0
Rohit Sharma,2012,1,0,16,6,1.0,16.0,0/ 16,0,0
Sreenath Aravind,2012,1,0,48,18,3.0,16.0,0/ 48,0,0
Virat Kohli,2012,2,0,49,18,3.0,16.33,0/ 13,0,0
Raju Bhatkal,2012,1,0,35,12,2.0,17.5,0/ 35,0,0
Steve Smith,2012,1,0,5,2,0.2,25.0,0/ 5,0,0
Dwayne Bravo,2013,18,32,497,375,62.3,7.98,4/ 42,1,0
James Faulkner,2013,16,28,427,379,63.1,6.77,5/ 16,0,2
Harbhajan Singh,2013,19,24,456,420,70.0,6.51,3/ 14,0,0
Mitchell Johnson,2013,17,24,459,384,64.0,7.17,3/ 27,0,0
Vinay Kumar,2013,16,23,493,361,60.1,8.2,3/ 18,0,0
Sunil Narine,2013,16,22,350,384,64.0,5.47,4/ 13,2,0
Amit Mishra,2013,17,21,394,372,62.0,6.35,4/ 19,1,0
Mohit Sharma,2013,15,20,326,304,50.4,6.47,3/ 10,0,0
Lasith Malinga,2013,17,20,468,392,65.2,7.18,3/ 39,0,0
Dale Steyn,2013,17,19,384,407,67.5,5.69,3/ 11,0,0
Thisara Perera,2013,16,19,478,358,59.4,8.05,3/ 20,0,0
Kevon Cooper,2013,14,19,449,324,54.0,8.31,3/ 15,0,0
Pragyan Ojha,2013,15,16,381,314,52.2,7.3,3/ 11,0,0
Jacques Kallis,2013,15,16,394,318,53.0,7.43,3/ 13,0,0
Umesh Yadav,2013,16,16,508,347,57.5,8.83,4/ 24,1,0
Ashoke Dinda,2013,13,16,465,294,49.0,9.49,3/ 31,0,0
Ravichandran Ashwin,2013,18,15,390,348,58.0,6.72,2/ 18,0,0
Azhar Mahmood,2013,11,15,330,263,43.5,7.59,3/ 21,0,0
Parvinder Awana,2013,14,15,412,324,54.0,7.63,3/ 39,0,0
Ishant Sharma,2013,16,15,466,358,59.4,7.85,3/ 27,0,0
Chris Morris,2013,16,15,401,300,50.0,8.02,3/ 40,0,0
Bhuvneshwar Kumar,2013,16,13,371,342,57.0,6.51,3/ 18,0,0
Ravi Rampaul,2013,10,13,261,226,37.4,6.98,3/ 31,0,0
Shane Watson,2013,13,13,298,250,41.4,7.2,3/ 22,0,0
Ravindra Jadeja,2013,15,13,323,259,43.1,7.49,3/ 20,0,0
Jaydev Unadkat,2013,13,13,370,294,49.0,7.55,5/ 25,0,1
RP Singh,2013,11,13,335,239,39.5,8.48,3/ 13,0,0
Praveen Kumar,2013,15,12,373,338,56.2,6.64,2/ 10,0,0
Siddharth Trivedi,2013,17,12,410,359,59.5,6.89,3/ 23,0,0
Lakshmipathy Balaji,2013,13,12,387,300,50.0,7.74,3/ 19,0,0
Karn Sharma,2013,13,11,230,209,34.5,6.67,2/ 19,0,0
Piyush Chawla,2013,16,11,418,350,58.2,7.18,2/ 20,0,0
Rajat Bhatia,2013,15,11,332,263,43.5,7.63,2/ 23,0,0
Ashish Nehra,2013,10,11,316,216,36.0,8.78,2/ 35,0,0
Irfan Pathan,2013,15,10,382,308,51.2,7.46,2/ 29,0,0
Kieron Pollard,2013,14,10,292,186,31.0,9.42,2/ 6,0,0
Shahbaz Nadeem,2013,12,9,259,264,44.0,5.89,2/ 17,0,0
Sachithra Senanayake,2013,8,9,209,192,32.0,6.53,2/ 26,0,0
Rahul Sharma,2013,11,9,281,246,41.0,6.85,2/ 16,0,0
Murali Kartik,2013,11,9,284,234,39.0,7.28,2/ 24,0,0
Sandeep Sharma,2013,4,8,119,96,16.0,7.44,3/ 21,0,0
Daren Sammy,2013,9,8,168,134,22.2,7.57,4/ 22,1,0
Dhawal Kulkarni,2013,6,8,151,112,18.4,8.21,3/ 19,0,0
Albie Morkel,2013,7,7,159,144,24.0,6.62,3/ 32,0,0
Iqbal Abdulla,2013,5,7,142,113,18.5,7.68,3/ 29,0,0
Morne Morkel,2013,10,7,335,240,40.0,8.38,2/ 27,0,0
Moises Henriques,2013,8,7,185,127,21.1,8.77,2/ 14,0,0
Manpreet Gony,2013,8,7,256,168,28.0,9.14,2/ 24,0,0
Mitchell Marsh,2013,7,7,182,116,19.2,9.48,2/ 7,0,0
Ajit Chandila,2013,8,6,156,150,25.0,6.24,2/ 6,0,0
Stuart Binny,2013,14,6,162,144,24.0,6.75,2/ 14,0,0
Yuvraj Singh,2013,10,6,152,132,22.0,6.91,2/ 27,0,0
Wayne Parnell,2013,4,6,137,89,14.5,9.45,3/ 27,0,0
Johan Botha,2013,6,5,109,100,16.4,6.65,2/ 11,0,0
S Sreesanth,2013,7,5,163,130,21.4,7.62,2/ 20,0,0
Angelo Mathews,2013,10,5,240,186,31.0,7.74,3/ 14,0,0
Harmeet Singh,2013,3,5,87,68,11.2,7.77,3/ 24,0,0
Zaheer Khan,2013,2,5,47,36,6.0,7.83,4/ 17,1,0
Brett Lee,2013,3,4,86,72,12.0,7.17,2/ 40,0,0
Siddarth Kaul,2013,6,4,170,131,21.5,7.91,2/ 27,0,0
Dirk Nannes,2013,5,4,158,119,19.5,8.1,2/ 17,0,0
Abu Nechim,2013,2,3,45,42,7.0,6.43,2/ 27,0,0
Roelof van der Merwe,2013,3,3,71,66,11.0,6.45,1/ 17,0,0
Muttiah Muralitharan,2013,6,3,177,138,23.0,7.7,1/ 18,0,0
Syed Mohammad,2013,4,3,91,60,10.0,9.1,2/ 15,0,0
Munaf Patel,2013,4,3,137,90,15.0,9.13,3/ 29,0,0
Ali Murtuza,2013,3,3,94,60,10.0,9.4,3/ 15,0,0
Rahul Shukla,2013,3,3,79,48,8.0,9.88,2/ 28,0,0
Jasprit Bumrah,2013,2,3,70,42,7.0,10.0,3/ 32,0,0
Chris Gayle,2013,4,3,40,24,4.0,10.0,2/ 5,0,0
Ashish Reddy,2013,5,3,70,40,6.4,10.94,1/ 7,0,0
Ryan McLaren,2013,2,3,94,42,7.0,13.43,2/ 60,0,0
Anand Rajan,2013,2,2,42,48,8.0,5.25,1/ 20,0,0
Vikramjeet Malik,2013,3,2,59,60,10.0,5.9,2/ 14,0,0
Ajantha Mendis,2013,3,2,78,72,12.0,6.5,1/ 15,0,0
Rishi Dhawan,2013,5,2,109,90,15.0,7.27,1/ 6,0,0
Abhishek Nayar,2013,3,2,59,48,8.0,7.38,1/ 15,0,0
Jason Holder,2013,6,2,168,120,20.0,8.4,2/ 20,0,0
Kane Richardson,2013,3,2,101,71,11.5,8.78,1/ 28,0,0
Luke Wright,2013,5,2,100,59,9.5,10.53,1/ 12,0,0
Dwayne Smith,2013,3,2,59,30,5.0,11.8,2/ 20,0,0
Adam Gilchrist,2013,1,1,0,1,0.1,0.0,1/ 0,0,0
Bipul Sharma,2013,1,1,21,24,4.0,5.25,1/ 21,0,0
Parvez Rasool,2013,2,1,28,30,5.0,5.6,1/ 23,0,0
Ryan Harris,2013,3,1,72,72,12.0,6.0,1/ 12,0,0
Hanuma Vihari,2013,5,1,38,36,6.0,6.33,1/ 5,0,0
Bhargav Bhatt,2013,2,1,32,30,5.0,6.4,1/ 11,0,0
Pawan Suyal,2013,1,1,21,18,3.0,7.0,1/ 21,0,0
Ankeet Chavan,2013,3,1,63,54,9.0,7.0,1/ 28,0,0
Jeevan Mendis,2013,2,1,36,30,5.0,7.2,1/ 16,0,0
Nathan Coulter-Nile,2013,1,1,29,24,4.0,7.25,1/ 29,0,0
Laxmi Shukla,2013,2,1,22,18,3.0,7.33,1/ 14,0,0
Tirumalasetti Suman,2013,1,1,15,12,2.0,7.5,1/ 15,0,0
Cameron White,2013,2,1,16,12,2.0,8.0,1/ 14,0,0
Pravin Tambe,2013,3,1,88,66,11.0,8.0,1/ 38,0,0
Yusuf Pathan,2013,5,1,73,54,9.0,8.11,1/ 9,0,0
Andrew McDonald,2013,1,1,17,12,2.0,8.5,1/ 17,0,0
Harmeet Singh (2),2013,1,1,34,24,4.0,8.5,1/ 34,0,0
Marlon Samuels,2013,1,1,34,24,4.0,8.5,1/ 34,0,0
Mohammed Shami,2013,3,1,78,54,9.0,8.67,1/ 32,0,0
Ankit Rajpoot,2013,2,1,35,24,4.0,8.75,1/ 25,0,0
Sarabjit Ladda,2013,1,1,18,12,2.0,9.0,1/ 18,0,0
Abhimanyu Mithun,2013,1,1,37,24,4.0,9.25,1/ 37,0,0
Shaun Tait,2013,3,1,98,60,10.0,9.8,1/ 29,0,0
Ben Laughlin,2013,2,1,71,42,7.0,10.14,1/ 25,0,0
Suresh Raina,2013,2,1,23,12,2.0,11.5,1/ 4,0,0
Aaron Finch,2013,3,1,49,24,4.0,12.25,1/ 11,0,0
Ishwar Pandey,2013,2,1,50,24,4.0,12.5,1/ 17,0,0
Brad Hodge,2013,1,0,3,6,1.0,3.0,0/ 3,0,0
Raiphi Gomez,2013,1,0,5,6,1.0,5.0,0/ 5,0,0
Rohit Sharma,2013,2,0,6,8,1.2,5.0,0/ 1,0,0
Jacob Oram,2013,1,0,22,24,4.0,5.5,0/ 22,0,0
Dimitri Mascarenhas,2013,1,0,25,24,4.0,6.25,0/ 25,0,0
Pawan Negi,2013,1,0,28,24,4.0,7.0,0/ 28,0,0
Ryan ten Doeschate,2013,3,0,24,18,3.0,8.0,0/ 3,0,0
David Hussey,2013,4,0,91,66,11.0,8.27,0/ 14,0,0
Ankit Sharma,2013,1,0,17,12,2.0,8.5,0/ 17,0,0
Samuel Badree,2013,1,0,34,24,4.0,8.5,0/ 34,0,0
Sumit Narwal,2013,1,0,17,12,2.0,8.5,0/ 17,0,0
Yuzvendra Chahal,2013,1,0,34,24,4.0,8.5,0/ 34,0,0
Virender Sehwag,2013,1,0,9,6,1.0,9.0,0/ 9,0,0
Daniel Christian,2013,2,0,55,36,6.0,9.17,0/ 13,0,0
Ajit Agarkar,2013,4,0,92,60,10.0,9.2,0/ 4,0,0
Krishnakant Upadhyay,2013,2,0,48,30,5.0,9.6,0/ 19,0,0
Brad Hogg,2013,1,0,31,20,3.2,9.69,0/ 31,0,0
Andre Russell,2013,3,0,68,42,7.0,9.71,0/ 13,0,0
Tillakaratne Dilshan,2013,1,0,10,6,1.0,10.0,0/ 10,0,0
Glenn Maxwell,2013,2,0,23,12,2.0,11.5,0/ 5,0,0
Ben Rohrer,2013,1,0,12,6,1.0,12.0,0/ 12,0,0
Pradeep Sangwan,2013,2,0,51,24,4.0,12.75,0/ 17,0,0
Rajagopal Sathish,2013,3,0,51,24,4.0,12.75,0/ 10,0,0
Michael Neser,2013,1,0,62,24,4.0,15.5,0/ 62,0,0
Mohit Sharma,2014,16,23,452,323,53.5,8.45,4/ 14,1,0
Sunil Narine,2014,16,21,407,384,64.0,6.36,4/ 20,2,0
Bhuvneshwar Kumar,2014,14,20,354,319,53.1,6.67,4/ 14,1,0
Ravindra Jadeja,2014,16,19,443,326,54.2,8.17,4/ 12,2,0
Sandeep Sharma,2014,11,18,354,241,40.1,8.83,3/ 15,0,0
Axar Patel,2014,17,17,405,396,66.0,6.14,3/ 24,0,0
Mitchell Johnson,2014,14,17,444,321,53.3,8.33,2/ 19,0,0
Lasith Malinga,2014,10,16,258,235,39.1,6.6,4/ 23,1,0
Ravichandran Ashwin,2014,16,16,437,359,59.5,7.34,3/ 30,0,0
Varun Aaron,2014,10,16,299,220,36.4,8.21,3/ 16,0,0
Pravin Tambe,2014,13,15,356,294,49.0,7.27,4/ 20,1,0
Karn Sharma,2014,14,15,376,304,50.4,7.46,4/ 38,1,0
Harbhajan Singh,2014,14,14,356,330,55.0,6.47,2/ 13,0,0
Mitchell Starc,2014,14,14,402,322,53.4,7.53,2/ 21,0,0
Piyush Chawla,2014,11,14,303,237,39.3,7.71,3/ 19,0,0
Rishi Dhawan,2014,13,13,365,284,47.2,7.73,2/ 14,0,0
Yuzvendra Chahal,2014,14,12,386,330,55.0,7.02,2/ 17,0,0
Rajat Bhatia,2014,12,12,283,228,38.0,7.45,3/ 23,0,0
Morne Morkel,2014,12,12,367,288,48.0,7.65,2/ 20,0,0
Lakshmipathy Balaji,2014,9,12,299,204,34.0,8.79,4/ 13,1,0
Shakib Al Hasan,2014,13,11,334,300,50.0,6.68,2/ 22,0,0
Dale Steyn,2014,14,11,431,336,56.0,7.7,2/ 20,0,0
Umesh Yadav,2014,12,11,367,270,45.0,8.16,3/ 13,0,0
Karanveer Singh,2014,5,11,164,120,20.0,8.2,4/ 54,1,0
James Faulkner,2014,13,11,419,258,43.0,9.74,3/ 11,0,0
Kane Richardson,2014,7,9,206,162,27.0,7.63,2/ 18,0,0
Imran Tahir,2014,6,9,171,125,20.5,8.34,3/ 22,0,0
Jaydev Unadkat,2014,9,9,270,187,31.1,8.68,3/ 32,0,0
Shahbaz Nadeem,2014,11,8,311,228,38.0,8.18,2/ 35,0,0
Benjamin Hilfenhaus,2014,8,8,246,168,28.0,8.79,2/ 32,0,0
Ashish Nehra,2014,4,8,142,90,15.0,9.47,3/ 33,0,0
Shane Watson,2014,9,7,165,126,21.0,7.86,3/ 13,0,0
Mohammed Shami,2014,12,7,369,264,44.0,8.39,1/ 22,0,0
Vinay Kumar,2014,9,7,281,192,32.0,8.78,2/ 26,0,0
Amit Mishra,2014,10,7,340,225,37.3,9.12,2/ 23,0,0
Parvinder Awana,2014,7,7,245,141,23.3,10.52,2/ 15,0,0
Wayne Parnell,2014,8,6,223,181,30.1,7.41,2/ 21,0,0
Ishwar Pandey,2014,12,6,318,252,42.0,7.57,2/ 23,0,0
Shreyas Gopal,2014,4,6,113,84,14.0,8.07,2/ 25,0,0
Dhawal Kulkarni,2014,8,6,221,162,27.0,8.19,2/ 23,0,0
Zaheer Khan,2014,6,5,146,134,22.2,6.58,2/ 21,0,0
Jasprit Bumrah,2014,11,5,301,238,39.4,7.64,2/ 22,0,0
Yuvraj Singh,2014,10,5,187,136,22.4,8.35,4/ 35,1,0
Ashoke Dinda,2014,9,5,270,186,31.0,8.71,1/ 14,0,0
Ankit Sharma,2014,2,4,43,48,8.0,5.38,2/ 20,0,0
Kevon Cooper,2014,5,4,134,108,18.0,7.44,2/ 38,0,0
Albie Morkel,2014,6,4,126,96,16.0,7.88,1/ 18,0,0
Pragyan Ojha,2014,12,4,380,276,46.0,8.26,2/ 30,0,0
Jacques Kallis,2014,8,4,186,132,22.0,8.45,1/ 15,0,0
Irfan Pathan,2014,10,4,205,142,23.4,8.76,2/ 10,0,0
Dwayne Smith,2014,5,4,95,60,10.0,9.5,1/ 11,0,0
Moises Henriques,2014,4,4,96,60,10.0,9.6,2/ 26,0,0
Corey Anderson,2014,9,4,184,108,18.0,10.22,2/ 18,0,0
Harshal Patel,2014,3,4,113,66,11.0,10.27,2/ 56,0,0
Beuran Hendricks,2014,3,4,126,72,12.0,10.5,3/ 36,0,0
Praveen Kumar,2014,3,3,78,72,12.0,6.5,2/ 31,0,0
Stuart Binny,2014,8,3,64,54,9.0,7.11,1/ 1,0,0
JP Duminy,2014,11,3,240,198,33.0,7.27,2/ 27,0,0
Shivam Sharma,2014,4,3,121,96,16.0,7.56,2/ 26,0,0
Muttiah Muralitharan,2014,5,3,124,96,16.0,7.75,2/ 25,0,0
Abu Nechim,2014,4,3,113,86,14.2,7.96,1/ 18,0,0
Ishant Sharma,2014,3,3,101,66,11.0,9.18,2/ 37,0,0
Daren Sammy,2014,8,3,157,84,14.0,11.21,1/ 20,0,0
Krishmar Santokie,2014,2,3,90,48,8.0,11.25,2/ 50,0,0
Rahul Tewatia,2014,3,2,59,54,9.0,6.56,1/ 17,0,0
Nathan Coulter-Nile,2014,1,2,27,24,4.0,6.75,2/ 27,0,0
Samuel Badree,2014,4,2,97,84,14.0,6.93,1/ 19,0,0
Marchant de Lange,2014,1,2,32,24,4.0,8.0,2/ 32,0,0
Siddarth Kaul,2014,5,2,126,78,13.0,9.69,1/ 5,0,0
Kieron Pollard,2014,12,2,262,150,25.0,10.48,1/ 33,0,0
Rahul Shukla,2014,3,2,98,54,9.0,10.89,1/ 13,0,0
David Hussey,2014,1,2,38,17,2.5,15.2,2/ 38,0,0
Ravi Rampaul,2014,2,1,37,36,6.0,6.17,1/ 21,0,0
Ryan ten Doeschate,2014,4,1,35,30,5.0,7.0,1/ 7,0,0
Pat Cummins,2014,1,1,29,24,4.0,7.25,1/ 29,0,0
Suresh Raina,2014,8,1,134,108,18.0,7.44,1/ 17,0,0
Ben Cutting,2014,1,1,31,24,4.0,7.75,1/ 31,0,0
Rohit Sharma,2014,2,1,26,18,3.0,8.67,1/ 20,0,0
Laxmi Shukla,2014,5,1,83,56,9.2,9.02,1/ 31,0,0
Parvez Rasool,2014,3,1,83,54,9.0,9.22,1/ 26,0,0
John Hastings,2014,1,1,29,18,3.0,9.67,1/ 29,0,0
Vikramjeet Malik,2014,1,1,29,18,3.0,9.67,1/ 29,0,0
James Neesham,2014,4,1,91,54,9.0,10.11,1/ 29,0,0
Andre Russell,2014,2,1,52,30,5.0,10.4,1/ 25,0,0
Rahul Sharma,2014,2,1,65,36,6.0,10.83,1/ 33,0,0
Lendl Simmons,2014,1,1,34,18,3.0,11.33,1/ 34,0,0
Murali Kartik,2014,2,1,91,48,8.0,11.38,1/ 51,0,0
Jason Holder,2014,1,1,35,18,3.0,11.67,1/ 35,0,0
Pawan Suyal,2014,1,1,35,18,3.0,11.67,1/ 35,0,0
Glenn Maxwell,2014,7,1,132,66,11.0,12.0,1/ 21,0,0
Tim Southee,2014,3,0,76,60,10.0,7.6,0/ 16,0,0
Suryakumar Yadav,2014,1,0,8,6,1.0,8.0,0/ 8,0,0
Sachin Rana,2014,2,0,16,12,2.0,8.0,0/ 7,0,0
Venugopal Rao,2014,2,0,16,12,2.0,8.0,0/ 7,0,0
Iqbal Abdulla,2014,1,0,17,12,2.0,8.5,0/ 17,0,0
Yusuf Pathan,2014,1,0,10,6,1.0,10.0,0/ 10,0,0
Pawan Negi,2014,2,0,75,42,7.0,10.71,0/ 37,0,0
Shadab Jakati,2014,1,0,41,22,3.4,12.06,0/ 41,0,0
Murali Vijay,2014,1,0,13,6,1.0,13.0,0/ 13,0,0
Manoj Tiwary,2014,1,0,28,12,2.0,14.0,0/ 28,0,0
Vijay Shankar,2014,1,0,19,6,1.0,19.0,0/ 19,0,0
Dwayne Bravo,2015,16,26,426,314,52.2,8.16,3/ 22,0,0
Lasith Malinga,2015,15,24,444,360,60.0,7.4,4/ 23,1,0
Yuzvendra Chahal,2015,14,23,415,281,46.5,8.92,3/ 40,0,0
Ashish Nehra,2015,16,22,449,372,62.0,7.24,4/ 10,1,0
Mitchell Starc,2015,12,20,291,258,43.0,6.77,4/ 15,1,0
Harbhajan Singh,2015,15,18,446,342,57.0,7.82,3/ 27,0,0
Bhuvneshwar Kumar,2015,14,18,407,310,51.4,7.92,3/ 26,0,0
Mitchell McClenaghan,2015,12,18,386,282,47.0,8.21,3/ 16,0,0
Harshal Patel,2015,14,17,328,263,43.5,7.54,2/ 12,0,0
David Wiese,2015,13,16,353,254,42.2,8.36,4/ 33,1,0
Nathan Coulter-Nile,2015,11,15,321,255,42.3,7.59,4/ 20,1,0
Imran Tahir,2015,10,15,314,213,35.3,8.9,4/ 28,1,0
Anureet Singh,2015,14,15,465,310,51.4,9.05,3/ 23,0,0
Andre Russell,2015,13,14,324,244,40.4,8.02,3/ 32,0,0
Mohit Sharma,2015,16,14,481,342,57.0,8.44,3/ 25,0,0
Sandeep Sharma,2015,14,13,350,300,50.0,7.0,4/ 25,1,0
Chris Morris,2015,11,13,311,252,42.0,7.4,4/ 23,1,0
Dhawal Kulkarni,2015,11,13,277,210,35.0,7.91,2/ 9,0,0
Axar Patel,2015,14,13,392,280,46.4,8.45,2/ 11,0,0
Moises Henriques,2015,9,11,158,150,25.0,6.32,3/ 16,0,0
Ishwar Pandey,2015,10,11,223,186,31.0,7.19,2/ 27,0,0
Piyush Chawla,2015,13,11,269,210,35.0,7.69,4/ 32,1,0
Ravindra Jadeja,2015,15,11,330,256,42.4,7.78,4/ 11,1,0
Ravichandran Ashwin,2015,13,10,228,234,39.0,5.85,2/ 5,0,0
Morne Morkel,2015,7,10,206,168,28.0,7.36,2/ 18,0,0
Karn Sharma,2015,14,10,332,239,39.5,8.41,2/ 12,0,0
Jagadeesha Suchith,2015,12,10,337,234,39.0,8.64,2/ 14,0,0
Umesh Yadav,2015,12,10,382,252,42.0,9.1,3/ 33,0,0
Brad Hogg,2015,6,9,144,126,21.0,6.86,4/ 29,1,0
Amit Mishra,2015,12,9,310,241,40.1,7.73,2/ 32,0,0
Trent Boult,2015,7,9,236,168,28.0,8.43,3/ 19,0,0
Mitchell Johnson,2015,9,9,336,215,35.5,9.46,2/ 23,0,0
Sreenath Aravind,2015,5,8,132,108,18.0,7.33,4/ 27,1,0
JP Duminy,2015,9,8,126,102,17.0,7.41,4/ 17,1,0
James Faulkner,2015,13,8,426,270,45.0,9.47,3/ 26,0,0
Zaheer Khan,2015,7,7,156,145,24.1,6.47,2/ 9,0,0
Sunil Narine,2015,8,7,234,192,32.0,7.31,4/ 19,1,0
Pravin Tambe,2015,10,7,266,204,34.0,7.82,2/ 21,0,0
Angelo Mathews,2015,10,7,246,180,30.0,8.2,2/ 15,0,0
Vinay Kumar,2015,13,7,368,261,43.3,8.5,2/ 26,0,0
Praveen Kumar,2015,12,7,329,216,36.0,9.14,2/ 35,0,0
Ravi Bopara,2015,7,6,160,120,20.0,8.0,2/ 18,0,0
Pawan Negi,2015,10,6,252,180,30.0,8.4,2/ 25,0,0
Tim Southee,2015,7,6,247,168,28.0,8.82,2/ 32,0,0
Shane Watson,2015,10,6,269,174,29.0,9.28,2/ 36,0,0
Beuran Hendricks,2015,4,5,109,78,13.0,8.38,2/ 40,0,0
Domnic Joseph,2015,6,4,101,84,14.0,7.21,2/ 18,0,0
Stuart Binny,2015,10,4,140,114,19.0,7.37,2/ 27,0,0
Iqbal Abdulla,2015,5,4,150,114,19.0,7.89,2/ 36,0,0
Shakib Al Hasan,2015,4,4,123,84,14.0,8.79,2/ 22,0,0
Bipul Sharma,2015,3,3,50,42,7.0,7.14,2/ 13,0,0
Gurkeerat Singh,2015,3,3,66,54,9.0,7.33,2/ 17,0,0
Ankit Sharma,2015,4,3,114,84,14.0,8.14,1/ 26,0,0
Ashish Reddy,2015,4,3,50,36,6.0,8.33,1/ 11,0,0
Dale Steyn,2015,6,3,170,114,19.0,8.95,2/ 38,0,0
Albie Morkel,2015,4,3,109,72,12.0,9.08,2/ 21,0,0
Kieron Pollard,2015,8,3,120,76,12.4,9.68,1/ 6,0,0
Varun Aaron,2015,5,3,177,104,17.2,10.29,2/ 24,0,0
Jasprit Bumrah,2015,4,3,184,90,15.0,12.27,1/ 38,0,0
Jayant Yadav,2015,3,2,29,42,7.0,4.14,1/ 8,0,0
Suresh Raina,2015,5,2,93,72,12.0,7.75,1/ 29,0,0
Yusuf Pathan,2015,5,2,97,60,10.0,9.7,2/ 40,0,0
Glenn Maxwell,2015,7,2,97,60,10.0,9.7,1/ 5,0,0
Parvez Rasool,2015,2,1,31,30,5.0,6.2,1/ 20,0,0
Yuvraj Singh,2015,6,1,72,54,9.0,8.0,1/ 14,0,0
Johan Botha,2015,4,1,81,60,10.0,8.1,1/ 32,0,0
Corey Anderson,2015,2,1,33,24,4.0,8.25,1/ 21,0,0
Dwayne Smith,2015,1,1,17,12,2.0,8.5,1/ 17,0,0
Deepak Hooda,2015,7,1,129,91,15.1,8.54,1/ 35,0,0
Thisara Perera,2015,2,1,55,36,6.0,9.17,1/ 33,0,0
Rishi Dhawan,2015,5,1,110,72,12.0,9.17,1/ 12,0,0
Pat Cummins,2015,3,1,97,60,10.0,9.7,1/ 54,0,0
Juan Theron,2015,1,1,40,24,4.0,10.0,1/ 40,0,0
Gurinder Sandhu,2015,2,1,82,48,8.0,10.25,1/ 33,0,0
Rahul Tewatia,2015,1,1,31,18,3.0,10.33,1/ 31,0,0
Hardik Pandya,2015,8,1,176,102,17.0,10.35,1/ 13,0,0
Abu Nechim,2015,3,1,128,72,12.0,10.67,1/ 28,0,0
Ronit More,2015,2,1,59,35,5.5,10.73,1/ 31,0,0
Shreyas Gopal,2015,1,1,23,13,2.1,10.95,1/ 23,0,0
Karanveer Singh,2015,4,1,157,84,14.0,11.21,1/ 30,0,0
Ishant Sharma,2015,4,1,159,84,14.0,11.36,1/ 25,0,0
Shardul Thakur,2015,1,1,38,18,3.0,12.67,1/ 38,0,0
KC Cariappa,2015,1,1,28,12,2.0,14.0,1/ 28,0,0
Shivam Sharma,2015,1,1,44,18,3.0,14.67,1/ 44,0,0
Ryan ten Doeschate,2015,1,0,4,6,1.0,4.0,0/ 4,0,0
Shahbaz Nadeem,2015,2,0,43,42,7.0,6.14,0/ 18,0,0
Virat Kohli,2015,2,0,10,11,1.5,6.67,0/ 4,0,0
Murali Vijay,2015,2,0,28,24,4.0,7.0,0/ 12,0,0
Chris Gayle,2015,1,0,15,12,2.0,7.5,0/ 15,0,0
Marchant de Lange,2015,1,0,30,24,4.0,7.5,0/ 30,0,0
Daren Sammy,2015,2,0,25,18,3.0,8.33,0/ 7,0,0
Rajat Bhatia,2015,2,0,46,30,5.0,9.2,0/ 23,0,0
Pawan Suyal,2015,3,0,95,60,10.0,9.5,0/ 22,0,0
Jaydev Unadkat,2015,1,0,30,18,3.0,10.0,0/ 30,0,0
Sean Abbott,2015,2,0,57,30,5.0,11.4,0/ 21,0,0
Pragyan Ojha,2015,1,0,23,12,2.0,11.5,0/ 23,0,0
Barinder Sran,2015,1,0,35,18,3.0,11.67,0/ 35,0,0
Ashoke Dinda,2015,2,0,62,30,5.0,12.4,0/ 23,0,0
Azhar Mahmood,2015,1,0,41,18,3.0,13.67,0/ 41,0,0
Bhuvneshwar Kumar,2016,17,23,490,396,66.0,7.42,4/ 29,1,0
Yuzvendra Chahal,2016,13,21,401,295,49.1,8.17,4/ 25,1,0
Shane Watson,2016,16,20,485,339,56.3,8.61,4/ 29,1,0
Dhawal Kulkarni,2016,14,18,364,294,49.0,7.43,4/ 14,1,0
Mustafizur Rahman,2016,16,17,421,366,61.0,6.9,3/ 16,0,0
Mitchell McClenaghan,2016,14,17,436,320,53.2,8.2,4/ 21,1,0
Dwayne Bravo,2016,15,17,494,336,56.0,8.82,4/ 22,1,0
Sandeep Sharma,2016,14,15,366,300,50.0,7.32,2/ 11,0,0
Jasprit Bumrah,2016,14,15,406,312,52.0,7.81,3/ 13,0,0
Andre Russell,2016,12,15,291,219,36.3,8.02,4/ 20,1,0
Barinder Sran,2016,14,14,413,297,49.3,8.38,3/ 28,0,0
Chris Morris,2016,12,13,308,264,44.0,7.0,2/ 30,0,0
Amit Mishra,2016,14,13,344,276,46.0,7.48,4/ 11,1,0
Axar Patel,2016,14,13,388,287,47.5,8.17,4/ 21,1,0
Mohit Sharma,2016,14,13,407,291,48.3,8.43,3/ 23,0,0
Adam Zampa,2016,5,12,115,102,17.0,6.76,6/ 19,0,1
Moises Henriques,2016,17,12,415,312,52.0,7.98,2/ 17,0,0
Sunil Narine,2016,11,11,304,256,42.4,7.17,3/ 26,0,0
Sreenath Aravind,2016,9,11,216,175,29.1,7.42,2/ 18,0,0
Ashoke Dinda,2016,9,11,231,183,30.3,7.62,3/ 20,0,0
Piyush Chawla,2016,11,11,273,212,35.2,7.76,2/ 21,0,0
Chris Jordan,2016,9,11,258,168,28.0,9.21,4/ 11,1,0
Ravichandran Ashwin,2016,14,10,319,264,44.0,7.25,4/ 34,1,0
Zaheer Khan,2016,12,10,337,262,43.4,7.76,3/ 21,0,0
Morne Morkel,2016,10,10,297,213,35.3,8.41,2/ 27,0,0
Umesh Yadav,2016,9,10,234,156,26.0,9.0,3/ 28,0,0
Ashish Nehra,2016,8,9,199,156,26.0,7.65,3/ 15,0,0
Tim Southee,2016,11,9,329,258,43.0,7.65,3/ 24,0,0
Praveen Kumar,2016,16,9,401,309,51.3,7.82,2/ 19,0,0
Harbhajan Singh,2016,14,9,392,294,49.0,8.0,2/ 29,0,0
Thisara Perera,2016,11,9,326,199,33.1,9.85,3/ 34,0,0
Ravindra Jadeja,2016,14,8,311,241,40.1,7.76,2/ 18,0,0
Marcus Stoinis,2016,7,8,194,138,23.0,8.43,4/ 15,1,0
Dwayne Smith,2016,8,8,153,108,18.0,8.5,4/ 8,1,0
Carlos Brathwaite,2016,8,7,189,139,23.1,8.18,3/ 47,0,0
Murugan Ashwin,2016,10,7,241,171,28.3,8.52,3/ 36,0,0
Kane Richardson,2016,4,7,136,84,14.0,9.71,3/ 13,0,0
Rajat Bhatia,2016,10,6,244,204,34.0,7.18,2/ 19,0,0
Krunal Pandya,2016,11,6,236,187,31.1,7.59,2/ 15,0,0
Kuldeep Yadav,2016,3,6,100,72,12.0,8.33,3/ 35,0,0
Shivil Kaushik,2016,7,6,192,138,23.0,8.35,3/ 20,0,0
Iqbal Abdulla,2016,8,6,213,150,25.0,8.52,3/ 40,0,0
Ben Cutting,2016,4,5,80,67,11.1,7.21,2/ 20,0,0
Shakib Al Hasan,2016,9,5,243,186,31.0,7.84,1/ 14,0,0
Imran Tahir,2016,4,5,138,96,16.0,8.62,3/ 24,0,0
Pravin Tambe,2016,7,5,143,96,16.0,8.94,2/ 12,0,0
Mohammed Shami,2016,8,5,244,151,25.1,9.72,2/ 34,0,0
Mitchell Marsh,2016,3,4,45,54,9.0,5.0,2/ 14,0,0
Brad Hogg,2016,5,4,142,96,16.0,8.88,3/ 19,0,0
Vinay Kumar,2016,3,3,64,54,9.0,7.11,2/ 17,0,0
Deepak Hooda,2016,6,3,97,78,13.0,7.46,2/ 16,0,0
Nathan Coulter-Nile,2016,4,3,114,90,15.0,7.6,2/ 25,0,0
Pardeep Sahu,2016,5,3,146,105,17.3,8.44,2/ 18,0,0
Bipul Sharma,2016,6,3,121,84,14.0,8.64,1/ 10,0,0
Ankit Rajpoot,2016,4,3,98,66,11.0,8.91,1/ 14,0,0
Tabraiz Shamsi,2016,4,3,147,96,16.0,9.19,1/ 21,0,0
RP Singh,2016,4,3,111,72,12.0,9.25,1/ 23,0,0
Hardik Pandya,2016,10,3,153,100,16.4,9.33,1/ 7,0,0
KC Cariappa,2016,5,3,159,102,17.0,9.35,2/ 16,0,0
Ishant Sharma,2016,4,3,148,90,15.0,9.87,2/ 36,0,0
Sachin Baby,2016,2,2,8,10,1.4,5.71,2/ 4,0,0
John Hastings,2016,2,2,37,40,6.4,5.78,2/ 6,0,0
Chris Gayle,2016,4,2,63,60,10.0,6.3,2/ 11,0,0
Jayant Yadav,2016,5,2,125,102,17.0,7.35,1/ 23,0,0
Scott Boland,2016,2,2,54,42,7.0,7.71,2/ 31,0,0
Gurkeerat Singh,2016,3,2,31,24,4.0,7.75,2/ 15,0,0
JP Duminy,2016,5,2,55,42,7.0,7.86,1/ 4,0,0
Jason Holder,2016,4,2,103,78,13.0,7.92,2/ 33,0,0
Rishi Dhawan,2016,2,2,56,42,7.0,8.0,1/ 21,0,0
Shahbaz Nadeem,2016,4,2,127,90,15.0,8.47,2/ 23,0,0
Shadab Jakati,2016,6,2,178,120,20.0,8.9,1/ 13,0,0
Mitchell Johnson,2016,3,2,106,66,11.0,9.64,1/ 35,0,0
Varun Aaron,2016,8,2,227,142,23.4,9.7,2/ 37,0,0
James Faulkner,2016,7,2,167,102,17.0,9.82,1/ 23,0,0
Kyle Abbott,2016,5,2,177,96,16.0,11.06,1/ 38,0,0
Albie Morkel,2016,2,2,66,30,5.0,13.2,2/ 36,0,0
Yusuf Pathan,2016,4,1,33,36,6.0,5.5,1/ 6,0,0
Ankit Sharma,2016,3,1,84,66,11.0,7.64,1/ 27,0,0
Stuart Binny,2016,11,1,134,102,17.0,7.88,1/ 17,0,0
Parvez Rasool,2016,4,1,129,84,14.0,9.21,1/ 31,0,0
Pawan Negi,2016,5,1,84,54,9.0,9.33,1/ 19,0,0
Trent Boult,2016,1,1,39,24,4.0,9.75,1/ 39,0,0
Rajagopal Sathish,2016,3,1,59,36,6.0,9.83,1/ 20,0,0
Harshal Patel,2016,5,1,147,84,14.0,10.5,1/ 46,0,0
Adam Milne,2016,1,1,43,24,4.0,10.75,1/ 43,0,0
Ashish Reddy,2016,2,1,39,23,3.5,11.14,1/ 14,0,0
Nitish Rana,2016,1,0,3,6,1.0,3.0,0/ 3,0,0
Shreyas Gopal,2016,1,0,18,18,3.0,6.0,0/ 18,0,0
Kane Williamson,2016,1,0,7,6,1.0,7.0,0/ 7,0,0
Anureet Singh,2016,2,0,43,36,6.0,7.17,0/ 15,0,0
Colin Munro,2016,2,0,15,12,2.0,7.5,0/ 7,0,0
Irfan Pathan,2016,3,0,61,48,8.0,7.62,0/ 7,0,0
Murali Vijay,2016,1,0,8,6,1.0,8.0,0/ 8,0,0
Deepak Chahar,2016,2,0,41,30,5.0,8.2,0/ 13,0,0
Suresh Raina,2016,4,0,82,60,10.0,8.2,0/ 15,0,0
Dale Steyn,2016,1,0,17,12,2.0,8.5,0/ 17,0,0
Yuvraj Singh,2016,5,0,52,37,6.1,8.52,0/ 7,0,0
Glenn Maxwell,2016,7,0,80,54,9.0,8.89,0/ 3,0,0
Swapnil Singh,2016,1,0,29,18,3.0,9.67,0/ 29,0,0
Sarabjit Ladda,2016,1,0,21,12,2.0,10.5,0/ 21,0,0
Karn Sharma,2016,5,0,171,98,16.2,10.56,0/ 24,0,0
David Wiese,2016,1,0,49,24,4.0,12.25,0/ 49,0,0
Pradeep Sangwan,2016,2,0,49,24,4.0,12.25,0/ 21,0,0
Virat Kohli,2016,1,0,13,6,1.0,13.0,0/ 13,0,0
Kieron Pollard,2016,4,0,81,36,6.0,13.5,0/ 11,0,0
Jagadeesha Suchith,2016,1,0,31,12,2.0,15.5,0/ 31,0,0
Jaydev Unadkat,2016,1,0,49,18,3.0,16.33,0/ 49,0,0
Bhuvneshwar Kumar,2017,14,26,369,314,52.2,7.07,5/ 19,0,1
Jaydev Unadkat,2017,12,24,322,275,45.5,7.08,5/ 30,0,1
Jasprit Bumrah,2017,16,20,441,356,59.2,7.45,3/ 7,0,0
Mitchell McClenaghan,2017,14,19,507,324,54.0,9.39,3/ 24,0,0
Imran Tahir,2017,12,18,369,282,47.0,7.85,3/ 18,0,0
Rashid Khan,2017,14,17,358,324,54.0,6.63,3/ 19,0,0
Sandeep Sharma,2017,13,17,398,288,48.0,8.29,4/ 20,1,0
Umesh Yadav,2017,14,17,410,291,48.3,8.49,4/ 33,1,0
Chris Woakes,2017,13,17,386,264,44.0,8.77,3/ 6,0,0
Pawan Negi,2017,12,16,197,193,32.1,6.14,3/ 10,0,0
Siddarth Kaul,2017,10,16,300,214,35.4,8.47,4/ 29,1,0
Axar Patel,2017,14,15,362,288,48.0,7.54,3/ 11,0,0
Nathan Coulter-Nile,2017,8,15,228,170,28.2,8.09,3/ 20,0,0
Pat Cummins,2017,12,15,373,277,46.1,8.09,2/ 20,0,0
Yuzvendra Chahal,2017,13,14,333,261,43.3,7.69,3/ 16,0,0
Karn Sharma,2017,9,13,214,184,30.4,7.04,4/ 16,1,0
Mohit Sharma,2017,14,13,410,274,45.4,9.03,2/ 24,0,0
Andrew Tye,2017,6,12,141,126,21.0,6.71,5/ 17,0,1
Ben Stokes,2017,12,12,316,264,44.0,7.18,3/ 18,0,0
Chris Morris,2017,9,12,240,186,31.0,7.74,4/ 26,1,0
Kuldeep Yadav,2017,11,12,340,246,41.0,8.29,2/ 25,0,0
Daniel Christian,2017,13,11,298,240,40.0,7.45,2/ 10,0,0
Shardul Thakur,2017,12,11,315,229,38.1,8.27,3/ 19,0,0
Lasith Malinga,2017,12,11,381,269,44.5,8.56,2/ 5,0,0
Basil Thampi,2017,12,11,424,268,44.4,9.55,3/ 29,0,0
Krunal Pandya,2017,13,10,273,240,40.0,6.83,3/ 14,0,0
Sunil Narine,2017,15,10,412,354,59.0,6.98,2/ 29,0,0
Zaheer Khan,2017,11,10,313,241,40.1,7.81,3/ 20,0,0
Amit Mishra,2017,14,10,343,233,38.5,8.91,3/ 11,0,0
Mohammed Siraj,2017,6,10,212,138,23.0,9.22,4/ 32,1,0
Samuel Badree,2017,7,9,188,150,25.0,7.52,4/ 9,1,0
Washington Sundar,2017,10,8,185,180,30.0,6.17,3/ 16,0,0
Harbhajan Singh,2017,11,8,266,246,41.0,6.49,3/ 22,0,0
Ashish Nehra,2017,6,8,197,127,21.1,9.34,3/ 42,0,0
Glenn Maxwell,2017,8,7,125,114,19.0,6.58,2/ 15,0,0
Mitchell Johnson,2017,5,7,141,120,20.0,7.05,3/ 26,0,0
Varun Aaron,2017,6,7,163,120,20.0,8.15,2/ 3,0,0
Adam Zampa,2017,6,7,163,119,19.5,8.36,2/ 22,0,0
Shahbaz Nadeem,2017,7,6,119,107,17.5,6.8,2/ 13,0,0
Hardik Pandya,2017,13,6,213,156,26.0,8.19,2/ 22,0,0
Kagiso Rabada,2017,6,6,188,128,21.2,8.87,2/ 20,0,0
Piyush Chawla,2017,6,6,179,120,20.0,8.95,2/ 34,0,0
Praveen Kumar,2017,6,6,151,99,16.3,9.26,2/ 22,0,0
James Faulkner,2017,8,6,258,158,26.2,9.85,2/ 34,0,0
Aniket Choudhary,2017,5,5,144,101,16.5,8.73,2/ 17,0,0
Tymal Mills,2017,5,5,153,107,17.5,8.74,2/ 31,0,0
Sreenath Aravind,2017,10,5,275,183,30.3,9.08,2/ 29,0,0
Ravindra Jadeja,2017,12,5,349,228,38.0,9.18,2/ 28,0,0
Trent Boult,2017,6,5,216,143,23.5,9.19,2/ 30,0,0
Shane Watson,2017,8,5,245,161,26.5,9.25,1/ 16,0,0
Mohammed Shami,2017,8,5,243,156,26.0,9.35,2/ 36,0,0
Pradeep Sangwan,2017,5,5,181,108,18.0,10.06,2/ 38,0,0
Ankit Rajpoot,2017,5,4,107,84,14.0,7.64,3/ 37,0,0
Stuart Binny,2017,4,4,50,36,6.0,8.33,1/ 9,0,0
Colin de Grandhomme,2017,9,4,135,96,16.0,8.44,3/ 4,0,0
KC Cariappa,2017,4,4,127,90,15.0,8.47,2/ 24,0,0
Rahul Tewatia,2017,3,3,49,54,9.0,5.44,2/ 18,0,0
Lockie Ferguson,2017,4,3,93,78,13.0,7.15,2/ 7,0,0
Bipul Sharma,2017,7,3,129,98,16.2,7.96,1/ 4,0,0
Dhawal Kulkarni,2017,6,3,173,113,18.5,9.35,1/ 24,0,0
Adam Milne,2017,4,3,134,84,14.0,9.57,2/ 27,0,0
Tim Southee,2017,3,3,96,60,10.0,9.6,2/ 39,0,0
Corey Anderson,2017,8,3,186,113,18.5,10.05,1/ 23,0,0
Harshal Patel,2017,1,3,43,24,4.0,10.75,3/ 43,0,0
Mohammad Nabi,2017,3,2,58,66,11.0,5.27,1/ 13,0,0
Rajat Bhatia,2017,3,2,55,42,7.0,7.86,2/ 14,0,0
Ankit Soni,2017,6,2,144,109,18.1,7.96,1/ 16,0,0
Rahul Chahar,2017,2,2,58,42,7.0,8.29,1/ 26,0,0
Billy Stanlake,2017,2,2,70,48,8.0,8.75,2/ 29,0,0
T Natarajan,2017,6,2,115,76,12.4,9.27,1/ 26,0,0
Travis Head,2017,5,2,81,48,8.0,10.12,2/ 30,0,0
Vinay Kumar,2017,1,2,31,18,3.0,10.33,2/ 31,0,0
Deepak Hooda,2017,3,2,42,24,4.0,10.5,1/ 7,0,0
Marcus Stoinis,2017,5,2,110,63,10.3,10.68,1/ 28,0,0
Iqbal Abdulla,2017,2,2,55,30,5.0,11.0,2/ 36,0,0
Dwayne Smith,2017,9,2,148,78,13.0,11.38,1/ 10,0,0
Nathu Singh,2017,2,1,15,24,4.0,3.75,1/ 7,0,0
Avesh Khan,2017,1,1,23,24,4.0,5.75,1/ 23,0,0
Munaf Patel,2017,2,1,57,42,7.0,8.14,1/ 35,0,0
Suresh Raina,2017,6,1,102,72,12.0,8.5,1/ 11,0,0
Swapnil Singh,2017,4,1,61,42,7.0,8.71,1/ 14,0,0
Chris Jordan,2017,1,1,9,6,1.0,9.0,1/ 9,0,0
Ben Cutting,2017,4,1,123,76,12.4,9.92,1/ 41,0,0
Yusuf Pathan,2017,4,1,41,24,4.0,10.25,1/ 2,0,0
Moises Henriques,2017,12,1,248,144,24.0,10.33,1/ 6,0,0
Shubham Agarwal,2017,1,1,42,24,4.0,10.5,1/ 42,0,0
Deepak Chahar,2017,3,1,74,42,7.0,10.57,1/ 35,0,0
Yuvraj Singh,2017,2,1,22,12,2.0,11.0,1/ 6,0,0
Carlos Brathwaite,2017,2,1,67,36,6.0,11.17,1/ 38,0,0
Ashoke Dinda,2017,3,1,119,60,10.0,11.9,1/ 26,0,0
Matt Henry,2017,2,1,71,30,5.0,14.2,1/ 31,0,0
Jayant Yadav,2017,2,0,42,36,6.0,7.0,0/ 16,0,0
Shivil Kaushik,2017,3,0,105,66,11.0,9.55,0/ 29,0,0
Ishant Sharma,2017,6,0,179,108,18.0,9.94,0/ 12,0,0
Tejas Baroka,2017,1,0,33,21,3.3,10.0,0/ 33,0,0
Shakib Al Hasan,2017,1,0,31,18,3.0,10.33,0/ 31,0,0
Shadab Jakati,2017,2,0,52,30,5.0,10.4,0/ 22,0,0
Angelo Mathews,2017,2,0,56,30,5.0,11.2,0/ 15,0,0
Marlon Samuels,2017,2,0,34,18,3.0,11.33,0/ 12,0,0
Rahul Tripathi,2017,1,0,12,6,1.0,12.0,0/ 12,0,0
Anureet Singh,2017,1,0,26,12,2.0,13.0,0/ 26,0,0
Irfan Pathan,2017,1,0,26,12,2.0,13.0,0/ 26,0,0
Mustafizur Rahman,2017,1,0,34,16,2.4,14.17,0/ 34,0,0
Barinder Sran,2017,1,0,29,12,2.0,14.5,0/ 29,0,0
Ankit Sharma,2017,1,0,16,6,1.0,16.0,0/ 16,0,0
Manpreet Gony,2017,1,0,32,12,2.0,16.0,0/ 32,0,0
Kieron Pollard,2017,1,0,30,11,1.5,20.0,0/ 30,0,0
Andrew Tye,2018,14,24,448,336,56.0,8.0,4/ 16,3,0
Rashid Khan,2018,17,21,458,408,68.0,6.74,3/ 19,0,0
Siddarth Kaul,2018,17,21,547,396,66.0,8.29,3/ 23,0,0
Umesh Yadav,2018,14,20,418,319,53.1,7.87,3/ 23,0,0
Trent Boult,2018,14,18,466,316,52.4,8.89,2/ 20,0,0
Hardik Pandya,2018,13,18,381,256,42.4,8.99,3/ 24,0,0
Jasprit Bumrah,2018,14,17,372,324,54.0,6.89,3/ 15,0,0
Sunil Narine,2018,16,17,467,366,61.0,7.66,3/ 18,0,0
Kuldeep Yadav,2018,16,17,418,308,51.2,8.16,4/ 20,1,0
Shardul Thakur,2018,13,16,431,280,46.4,9.29,2/ 18,0,0
Mayank Markande,2018,14,15,368,264,44.0,8.36,4/ 23,1,0
Jofra Archer,2018,10,15,325,233,38.5,8.44,3/ 22,0,0
Mujeeb Ur Rahman,2018,11,14,289,248,41.2,7.01,3/ 27,0,0
Shakib Al Hasan,2018,17,14,456,342,57.0,8.0,2/ 18,0,0
Mitchell McClenaghan,2018,11,14,332,240,40.0,8.3,2/ 22,0,0
Piyush Chawla,2018,15,14,412,294,49.0,8.41,3/ 48,0,0
Dwayne Bravo,2018,16,14,533,321,53.3,10.0,2/ 16,0,0
Andre Russell,2018,15,13,355,227,37.5,9.47,3/ 31,0,0
Krunal Pandya,2018,13,12,284,241,40.1,7.08,3/ 28,0,0
Amit Mishra,2018,10,12,264,222,37.0,7.14,3/ 19,0,0
Yuzvendra Chahal,2018,14,12,363,300,50.0,7.26,2/ 22,0,0
Sandeep Sharma,2018,12,12,333,264,44.0,7.57,2/ 17,0,0
Lungi Ngidi,2018,7,11,156,156,26.0,6.0,4/ 10,1,0
Ravindra Jadeja,2018,14,11,303,246,41.0,7.39,3/ 18,0,0
Shreyas Gopal,2018,10,11,236,186,31.0,7.61,4/ 16,1,0
Krishnappa Gowtham,2018,15,11,312,240,40.0,7.8,2/ 12,0,0
Ankit Rajpoot,2018,8,11,223,157,26.1,8.54,5/ 14,0,1
Mohammed Siraj,2018,11,11,367,246,41.0,8.95,3/ 25,0,0
Jaydev Unadkat,2018,15,11,486,302,50.2,9.68,3/ 46,0,0
Deepak Chahar,2018,12,10,278,229,38.1,7.3,3/ 15,0,0
Ravichandran Ashwin,2018,14,10,410,304,50.4,8.13,2/ 18,0,0
Prasidh Krishna,2018,7,10,260,168,28.0,9.29,4/ 30,1,0
Bhuvneshwar Kumar,2018,12,9,354,277,46.1,7.68,3/ 26,0,0
Ben Laughlin,2018,7,9,211,126,21.0,10.05,2/ 15,0,0
Ben Stokes,2018,12,8,303,222,37.0,8.19,3/ 15,0,0
Chris Woakes,2018,5,8,190,110,18.2,10.44,3/ 36,0,0
Mustafizur Rahman,2018,7,7,230,165,27.3,8.42,3/ 24,0,0
Harbhajan Singh,2018,12,7,270,191,31.5,8.57,2/ 22,0,0
Harshal Patel,2018,5,7,167,105,17.3,9.65,3/ 28,0,0
Mohit Sharma,2018,9,7,322,178,29.4,10.95,2/ 33,0,0
Rahul Tewatia,2018,8,6,173,132,22.0,7.86,3/ 18,0,0
Shane Watson,2018,11,6,251,168,28.0,8.96,2/ 29,0,0
Imran Tahir,2018,6,6,188,124,20.4,9.22,2/ 34,0,0
Tom Curran,2018,5,6,118,61,10.1,11.68,2/ 19,0,0
Ish Sodhi,2018,6,5,135,138,23.0,5.87,1/ 14,0,0
Sandeep Lamichhane,2018,3,5,82,72,12.0,6.83,3/ 36,0,0
Billy Stanlake,2018,4,5,130,96,16.0,8.12,2/ 21,0,0
Glenn Maxwell,2018,10,5,132,96,16.0,8.25,2/ 22,0,0
Tim Southee,2018,8,5,261,174,29.0,9.0,3/ 30,0,0
Carlos Brathwaite,2018,4,5,94,61,10.1,9.31,2/ 15,0,0
Shivam Mavi,2018,9,5,270,168,28.0,9.64,1/ 14,0,0
Basil Thampi,2018,4,5,114,61,10.1,11.29,2/ 4,0,0
Nitish Rana,2018,5,4,44,37,6.1,7.21,2/ 11,0,0
Daniel Christian,2018,4,4,101,71,11.5,8.78,2/ 35,0,0
Liam Plunkett,2018,7,4,225,150,25.0,9.0,3/ 17,0,0
Karn Sharma,2018,5,4,89,57,9.3,9.57,2/ 13,0,0
Washington Sundar,2018,7,4,192,120,20.0,9.6,2/ 22,0,0
Dhawal Kulkarni,2018,8,4,188,119,19.5,9.64,2/ 32,0,0
Barinder Sran,2018,6,4,229,132,22.0,10.41,2/ 50,0,0
Avesh Khan,2018,6,4,204,114,19.0,10.74,2/ 29,0,0
Moeen Ali,2018,5,3,97,79,13.1,7.4,1/ 13,0,0
Murugan Ashwin,2018,2,3,53,42,7.0,7.57,2/ 36,0,0
Axar Patel,2018,8,3,218,156,26.0,8.38,1/ 21,0,0
Chris Morris,2018,4,3,143,84,14.0,10.21,2/ 41,0,0
Mohammed Shami,2018,4,3,144,83,13.5,10.67,1/ 29,0,0
Shahbaz Nadeem,2018,6,3,161,90,15.0,10.73,2/ 34,0,0
Marcus Stoinis,2018,6,3,120,66,11.0,10.91,1/ 15,0,0
KM Asif,2018,2,3,75,36,6.0,12.5,2/ 43,0,0
Corey Anderson,2018,3,3,115,52,8.4,13.69,2/ 47,0,0
Colin de Grandhomme,2018,7,2,129,90,15.0,8.6,1/ 8,0,0
David Willey,2018,3,2,95,60,10.0,9.5,1/ 24,0,0
Ben Cutting,2018,7,2,168,102,17.0,9.88,1/ 12,0,0
Kulwant Khejroliya,2018,3,2,107,65,10.5,10.19,2/ 33,0,0
Mitchell Johnson,2018,6,2,216,126,21.0,10.29,1/ 30,0,0
Javon Searles,2018,3,2,89,42,7.0,12.71,1/ 24,0,0
Vinay Kumar,2018,2,2,65,23,3.5,18.57,2/ 30,0,0
D'Arcy Short,2018,2,1,19,18,3.0,6.33,1/ 10,0,0
Yusuf Pathan,2018,1,1,14,12,2.0,7.0,1/ 14,0,0
Mohammad Nabi,2018,2,1,47,30,5.0,9.4,1/ 23,0,0
Anureet Singh,2018,3,1,42,24,4.0,10.5,1/ 20,0,0
Vijay Shankar,2018,4,1,58,30,5.0,11.6,1/ 22,0,0
Pawan Negi,2018,2,1,49,24,4.0,12.25,1/ 36,0,0
Chris Jordan,2018,1,0,31,24,4.0,7.75,0/ 31,0,0
Deepak Hooda,2018,2,0,24,18,3.0,8.0,0/ 8,0,0
Mahipal Lomror,2018,2,0,27,18,3.0,9.0,0/ 8,0,0
Pradeep Sangwan,2018,1,0,19,12,2.0,9.5,0/ 19,0,0
Manoj Tiwary,2018,1,0,10,6,1.0,10.0,0/ 10,0,0
Ankit Sharma,2018,1,0,11,6,1.0,11.0,0/ 11,0,0
Junior Dala,2018,1,0,34,18,3.0,11.33,0/ 34,0,0
Yuvraj Singh,2018,2,0,23,12,2.0,11.5,0/ 10,0,0
Akila Dananjaya,2018,1,0,47,24,4.0,11.75,0/ 47,0,0
JP Duminy,2018,2,0,36,18,3.0,12.0,0/ 8,0,0
Mark Wood,2018,1,0,49,24,4.0,12.25,0/ 49,0,0
Khaleel Ahmed,2018,1,0,38,18,3.0,12.67,0/ 38,0,0
Stuart Binny,2018,1,0,33,12,2.0,16.5,0/ 33,0,0
Imran Tahir,2019,17,26,431,386,64.2,6.71,4/ 12,2,0
Kagiso Rabada,2019,12,25,368,282,47.0,7.83,4/ 21,2,0
Deepak Chahar,2019,17,22,482,387,64.3,7.5,3/ 20,0,0
Shreyas Gopal,2019,14,20,347,288,48.0,7.23,3/ 12,0,0
Jasprit Bumrah,2019,16,19,409,370,61.4,6.66,3/ 20,0,0
Khaleel Ahmed,2019,9,19,287,209,34.5,8.32,3/ 30,0,0
Mohammed Shami,2019,14,19,469,324,54.0,8.69,3/ 21,0,0
Yuzvendra Chahal,2019,14,18,386,296,49.2,7.85,4/ 38,1,0
Rashid Khan,2019,15,17,377,360,60.0,6.28,3/ 21,0,0
Harbhajan Singh,2019,11,16,312,264,44.0,7.09,3/ 20,0,0
Lasith Malinga,2019,12,16,438,269,44.5,9.84,4/ 31,2,0
Ravindra Jadeja,2019,16,15,343,324,54.0,6.35,3/ 9,0,0
Ravichandran Ashwin,2019,14,15,400,330,55.0,7.27,3/ 23,0,0
Hardik Pandya,2019,16,14,390,255,42.3,9.22,3/ 20,0,0
Rahul Chahar,2019,13,13,308,282,47.0,6.55,3/ 19,0,0
Ishant Sharma,2019,13,13,349,276,46.0,7.59,3/ 38,0,0
Bhuvneshwar Kumar,2019,15,13,461,354,59.0,7.81,2/ 24,0,0
Chris Morris,2019,9,13,306,198,33.0,9.27,3/ 22,0,0
Krunal Pandya,2019,16,12,335,276,46.0,7.28,3/ 34,0,0
Sandeep Sharma,2019,11,12,352,256,42.4,8.3,3/ 19,0,0
Jofra Archer,2019,11,11,290,259,43.1,6.73,3/ 14,0,0
Amit Mishra,2019,11,11,270,240,40.0,6.75,3/ 17,0,0
Dwayne Bravo,2019,12,11,330,247,41.1,8.03,3/ 33,0,0
Navdeep Saini,2019,13,11,397,288,48.0,8.27,2/ 24,0,0
Andre Russell,2019,12,11,287,181,30.1,9.53,2/ 21,0,0
Axar Patel,2019,14,10,364,306,51.0,7.14,2/ 22,0,0
Sunil Narine,2019,12,10,347,266,44.2,7.85,2/ 19,0,0
Piyush Chawla,2019,13,10,399,267,44.3,9.01,3/ 20,0,0
Sam Curran,2019,9,10,323,198,33.0,9.79,4/ 11,1,0
Jaydev Unadkat,2019,11,10,398,224,37.2,10.7,2/ 26,0,0
Keemo Paul,2019,8,9,237,163,27.1,8.75,3/ 17,0,0
Mohammad Nabi,2019,8,8,194,175,29.1,6.67,4/ 11,1,0
Sandeep Lamichhane,2019,6,8,210,138,23.0,9.13,3/ 40,0,0
Shardul Thakur,2019,9,8,281,180,30.0,9.37,2/ 18,0,0
Umesh Yadav,2019,11,8,371,227,37.5,9.89,3/ 36,0,0
Harry Gurney,2019,8,7,238,162,27.0,8.81,2/ 25,0,0
Mohammed Siraj,2019,9,7,269,169,28.1,9.57,2/ 38,0,0
Hardus Viljoen,2019,6,7,222,138,23.0,9.65,2/ 39,0,0
Moeen Ali,2019,9,6,169,150,25.0,6.76,2/ 18,0,0
Siddarth Kaul,2019,7,6,242,162,27.0,8.96,2/ 34,0,0
Dhawal Kulkarni,2019,10,6,335,210,35.0,9.57,1/ 14,0,0
Alzarri Joseph,2019,3,6,87,52,8.4,10.36,6/ 12,0,1
Ben Stokes,2019,6,6,189,101,16.5,11.45,2/ 39,0,0
Murugan Ashwin,2019,10,5,255,204,34.0,7.5,2/ 25,0,0
Oshane Thomas,2019,4,5,79,60,10.0,7.9,2/ 6,0,0
Trent Boult,2019,5,5,163,114,19.0,8.58,2/ 27,0,0
Jason Behrendorff,2019,5,5,165,114,19.0,8.68,2/ 22,0,0
Mitchell Santner,2019,4,4,94,84,14.0,6.71,2/ 13,0,0
Washington Sundar,2019,3,4,74,54,9.0,8.22,3/ 24,0,0
Dale Steyn,2019,2,4,69,48,8.0,8.62,2/ 29,0,0
Kuldeep Yadav,2019,9,4,286,198,33.0,8.67,2/ 41,0,0
Prasidh Krishna,2019,11,4,377,242,40.2,9.38,1/ 22,0,0
Ish Sodhi,2019,2,4,67,43,7.1,9.44,3/ 26,0,0
Varun Aaron,2019,5,4,116,72,12.0,9.67,2/ 20,0,0
Mitchell McClenaghan,2019,5,3,142,108,18.0,7.89,3/ 40,0,0
Nitish Rana,2019,6,3,72,48,8.0,9.0,1/ 8,0,0
Pawan Negi,2019,4,3,102,67,11.1,9.19,2/ 21,0,0
Ankit Rajpoot,2019,4,3,152,96,16.0,9.5,2/ 33,0,0
Mujeeb Ur Rahman,2019,5,3,191,114,19.0,10.05,2/ 31,0,0
Andrew Tye,2019,6,3,233,132,22.0,10.59,1/ 37,0,0
Arshdeep Singh,2019,3,3,109,60,10.0,10.9,2/ 43,0,0
Rahul Tewatia,2019,3,2,42,38,6.2,6.77,1/ 10,0,0
Jagadeesha Suchith,2019,1,2,28,24,4.0,7.0,2/ 28,0,0
Sandeep Warrier,2019,3,2,85,72,12.0,7.08,2/ 31,0,0
Riyan Parag,2019,7,2,121,84,14.0,8.64,1/ 10,0,0
Marcus Stoinis,2019,6,2,145,100,16.4,8.84,1/ 13,0,0
Scott Kuggeleijn,2019,2,2,71,48,8.0,8.88,2/ 37,0,0
Shakib Al Hasan,2019,3,2,95,65,10.5,9.05,1/ 26,0,0
Harshal Patel,2019,2,2,77,48,8.0,9.62,2/ 40,0,0
Shahbaz Nadeem,2019,3,2,90,54,9.0,10.0,1/ 24,0,0
Lockie Ferguson,2019,5,2,183,102,17.0,10.76,1/ 38,0,0
Anukul Roy,2019,1,1,11,12,2.0,5.5,1/ 11,0,0
Stuart Binny,2019,5,1,44,42,7.0,6.29,1/ 19,0,0
Jayant Yadav,2019,2,1,50,42,7.0,7.14,1/ 25,0,0
Krishnappa Gowtham,2019,7,1,166,120,20.0,8.3,1/ 32,0,0
Vijay Shankar,2019,5,1,70,48,8.0,8.75,1/ 11,0,0
Mohit Sharma,2019,1,1,27,18,3.0,9.0,1/ 27,0,0
Sherfane Rutherford,2019,6,1,59,41,6.5,9.08,1/ 6,0,0
Kulwant Khejroliya,2019,2,1,46,30,5.0,9.2,1/ 29,0,0
Mayank Markande,2019,3,1,59,36,6.0,9.83,1/ 23,0,0
Abhishek Sharma,2019,2,1,21,12,2.0,10.5,1/ 10,0,0
Deepak Hooda,2019,2,1,21,12,2.0,10.5,1/ 13,0,0
Prithvi Raj,2019,2,1,57,30,5.0,11.4,1/ 29,0,0
Varun Chakravarthy,2019,1,1,35,18,3.0,11.67,1/ 35,0,0
Tim Southee,2019,3,1,118,54,9.0,13.11,1/ 24,0,0
Karn Sharma,2019,1,1,33,17,2.5,13.2,1/ 33,0,0
Ben Cutting,2019,1,1,27,12,2.0,13.5,1/ 27,0,0
Shivam Dube,2019,2,0,8,10,1.4,5.71,0/ 3,0,0
Suresh Raina,2019,1,0,6,6,1.0,6.0,0/ 6,0,0
Yusuf Pathan,2019,1,0,8,6,1.0,8.0,0/ 8,0,0
Hanuma Vihari,2019,1,0,9,6,1.0,9.0,0/ 9,0,0
Basil Thampi,2019,3,0,110,72,12.0,9.17,0/ 29,0,0
Harpreet Brar,2019,2,0,48,30,5.0,9.6,0/ 24,0,0
Carlos Brathwaite,2019,2,0,29,18,3.0,9.67,0/ 13,0,0
Avesh Khan,2019,1,0,30,18,3.0,10.0,0/ 30,0,0
Rasikh Salam,2019,1,0,42,24,4.0,10.5,0/ 42,0,0
Colin de Grandhomme,2019,3,0,55,30,5.0,11.0,0/ 12,0,0
Barinder Sran,2019,2,0,51,24,4.0,12.75,0/ 24,0,0
Liam Livingstone,2019,1,0,13,6,1.0,13.0,0/ 13,0,0
Mandeep Singh,2019,2,0,26,12,2.0,13.0,0/ 8,0,0
Sudhesan Midhun,2019,1,0,27,12,2.0,13.5,0/ 27,0,0
Prayas Barman,2019,1,0,56,24,4.0,14.0,0/ 56,0,0
KC Cariappa,2019,1,0,34,12,2.0,17.0,0/ 34,0,0
Sarfaraz Khan,2019,1,0,6,2,0.2,30.0,0/ 6,0,0
Kagiso Rabada,2020,17,30,547,395,65.5,8.35,4/ 24,2,0
Jasprit Bumrah,2020,15,27,404,360,60.0,6.73,4/ 14,2,0
Trent Boult,2020,15,25,457,344,57.2,7.99,4/ 18,1,0
Anrich Nortje,2020,16,22,512,366,61.0,8.39,3/ 33,0,0
Yuzvendra Chahal,2020,15,21,405,343,57.1,7.09,3/ 18,0,0
Rashid Khan,2020,16,20,344,384,64.0,5.38,3/ 7,0,0
Jofra Archer,2020,14,20,364,335,55.5,6.56,3/ 19,0,0
Mohammed Shami,2020,14,20,460,322,53.4,8.61,3/ 15,0,0
Varun Chakravarthy,2020,13,17,356,312,52.0,6.85,5/ 20,0,1
T Natarajan,2020,16,16,504,377,62.5,8.06,2/ 24,0,0
Rahul Chahar,2020,15,15,433,318,53.0,8.17,2/ 18,0,0
Sandeep Sharma,2020,13,14,374,312,52.0,7.19,3/ 34,0,0
Jason Holder,2020,7,14,233,168,28.0,8.32,3/ 25,0,0
Ravichandran Ashwin,2020,15,13,391,306,51.0,7.67,3/ 29,0,0
Sam Curran,2020,13,13,344,252,42.0,8.19,3/ 19,0,0
Marcus Stoinis,2020,13,13,283,178,29.4,9.63,3/ 26,0,0
Ravi Bishnoi,2020,14,12,376,306,51.0,7.37,3/ 29,0,0
Deepak Chahar,2020,14,12,396,312,52.0,7.62,2/ 18,0,0
Pat Cummins,2020,14,12,409,312,52.0,7.87,4/ 34,1,0
Chris Morris,2020,9,11,210,190,31.4,6.69,4/ 26,1,0
Mohammed Siraj,2020,9,11,236,163,27.1,8.71,3/ 8,0,0
James Pattinson,2020,10,11,320,213,35.3,9.07,2/ 19,0,0
Rahul Tewatia,2020,14,10,326,276,46.0,7.09,3/ 25,0,0
Murugan Ashwin,2020,9,10,235,189,31.3,7.51,3/ 21,0,0
Shardul Thakur,2020,9,10,275,194,32.2,8.54,2/ 28,0,0
Shreyas Gopal,2020,14,10,427,300,50.0,8.54,2/ 28,0,0
Axar Patel,2020,15,9,327,306,51.0,6.41,2/ 18,0,0
Shivam Mavi,2020,8,9,212,156,26.0,8.15,2/ 15,0,0
Arshdeep Singh,2020,8,9,218,149,24.5,8.9,3/ 23,0,0
Kartik Tyagi,2020,10,9,367,229,38.1,9.63,2/ 36,0,0
Chris Jordan,2020,9,9,304,189,31.3,9.71,3/ 17,0,0
Lungi Ngidi,2020,4,9,167,96,16.0,10.44,3/ 38,0,0
Washington Sundar,2020,15,8,298,300,50.0,5.96,2/ 16,0,0
Khaleel Ahmed,2020,7,8,242,154,25.4,9.53,2/ 24,0,0
Isuru Udana,2020,10,8,282,174,29.0,9.72,2/ 41,0,0
Krunal Pandya,2020,16,6,380,301,50.1,7.58,2/ 26,0,0
Lockie Ferguson,2020,5,6,148,119,19.5,7.59,3/ 15,0,0
Navdeep Saini,2020,13,6,379,274,45.4,8.35,2/ 25,0,0
Dwayne Bravo,2020,6,6,180,126,21.0,8.57,3/ 37,0,0
Ravindra Jadeja,2020,13,6,318,218,36.2,8.78,2/ 42,0,0
Sheldon Cottrell,2020,6,6,176,120,20.0,8.8,2/ 17,0,0
Piyush Chawla,2020,7,6,191,126,21.0,9.1,2/ 33,0,0
Andre Russell,2020,7,6,175,108,18.0,9.72,2/ 29,0,0
Nathan Coulter-Nile,2020,7,5,206,156,26.0,7.92,2/ 29,0,0
Sunil Narine,2020,10,5,302,228,38.0,7.95,2/ 28,0,0
Shahbaz Nadeem,2020,7,5,178,132,22.0,8.09,2/ 19,0,0
Karn Sharma,2020,5,5,165,114,19.0,8.68,2/ 25,0,0
Kamlesh Nagarkoti,2020,9,5,231,156,26.0,8.88,2/ 13,0,0
Vijay Shankar,2020,5,4,82,79,13.1,6.26,1/ 11,0,0
Shivam Dube,2020,5,4,73,54,9.0,8.11,2/ 15,0,0
Kieron Pollard,2020,11,4,190,126,21.0,9.05,1/ 5,0,0
Prasidh Krishna,2020,6,4,163,106,17.4,9.37,3/ 29,0,0
Jaydev Unadkat,2020,7,4,228,138,23.0,9.91,2/ 32,0,0
Bhuvneshwar Kumar,2020,4,3,99,85,14.1,7.02,2/ 25,0,0
Amit Mishra,2020,3,3,72,60,10.0,7.2,2/ 35,0,0
Glenn Maxwell,2020,7,3,169,126,21.0,8.05,1/ 10,0,0
Harshal Patel,2020,5,3,134,90,15.0,8.93,2/ 34,0,0
Tushar Deshpande,2020,5,3,192,102,17.0,11.29,2/ 37,0,0
Tom Curran,2020,5,3,208,109,18.1,11.49,1/ 37,0,0
Shahbaz Ahmed,2020,2,2,44,36,6.0,7.33,2/ 26,0,0
Mitchell Santner,2020,2,2,53,42,7.0,7.57,1/ 23,0,0
Adam Zampa,2020,3,2,92,66,11.0,8.36,1/ 12,0,0
Abhishek Sharma,2020,6,2,91,60,10.0,9.1,1/ 15,0,0
James Neesham,2020,5,2,148,90,15.0,9.87,1/ 17,0,0
Ben Stokes,2020,6,2,154,90,15.0,10.27,2/ 32,0,0
Ankit Rajpoot,2020,6,2,198,103,17.1,11.58,1/ 38,0,0
Siddarth Kaul,2020,1,2,64,24,4.0,16.0,2/ 64,0,0
Jayant Yadav,2020,2,1,43,42,7.0,6.14,1/ 25,0,0
Josh Hazlewood,2020,3,1,64,60,10.0,6.4,1/ 19,0,0
Imran Tahir,2020,3,1,76,66,11.0,6.91,1/ 24,0,0
Kuldeep Yadav,2020,4,1,92,72,12.0,7.67,1/ 20,0,0
Moeen Ali,2020,3,1,42,30,5.0,8.4,1/ 21,0,0
Krishnappa Gowtham,2020,2,1,84,48,8.0,10.5,1/ 45,0,0
Mohit Sharma,2020,1,1,45,24,4.0,11.25,1/ 45,0,0
Basil Thampi,2020,1,1,46,24,4.0,11.5,1/ 46,0,0
Dale Steyn,2020,3,1,133,70,11.4,11.67,1/ 33,0,0
Andrew Tye,2020,1,1,49,25,4.1,11.95,1/ 49,0,0
Abdul Samad,2020,3,1,96,42,7.0,13.71,1/ 41,0,0
Mohammad Nabi,2020,1,0,23,24,4.0,5.75,0/ 23,0,0
Dhawal Kulkarni,2020,1,0,22,18,3.0,7.33,0/ 22,0,0
Ishant Sharma,2020,1,0,26,18,3.0,8.67,0/ 26,0,0
Deepak Hooda,2020,1,0,9,6,1.0,9.0,0/ 9,0,0
Praveen Dubey,2020,3,0,72,48,8.0,9.0,0/ 14,0,0
Daniel Sams,2020,3,0,114,72,12.0,9.5,0/ 30,0,0
Chris Green,2020,1,0,24,17,2.5,9.6,0/ 24,0,0
Chris Gayle,2020,1,0,5,5,0.5,10.0,0/ 5,0,0
Monu Kumar,2020,1,0,20,12,2.0,10.0,0/ 20,0,0
Harpreet Brar,2020,1,0,41,24,4.0,10.25,0/ 41,0,0
Mujeeb Ur Rahman,2020,2,0,83,48,8.0,10.38,0/ 39,0,0
Avesh Khan,2020,1,0,42,24,4.0,10.5,0/ 42,0,0
Sandeep Warrier,2020,1,0,34,18,3.0,11.33,0/ 34,0,0
Nitish Rana,2020,2,0,23,12,2.0,11.5,0/ 7,0,0
Umesh Yadav,2020,2,0,82,43,7.1,11.55,0/ 34,0,0
Varun Aaron,2020,3,0,94,48,8.0,11.75,0/ 22,0,0
Kane Williamson,2020,1,0,24,12,2.0,12.0,0/ 24,0,0
Riyan Parag,2020,2,0,27,12,2.0,13.5,0/ 13,0,0
Mitchell Marsh,2020,1,0,6,4,0.4,15.0,0/ 6,0,0
David Warner,2020,1,0,2,1,0.1,20.0,0/ 2,0,0
