bowler,match,wickets,bowler's_runs,valid_ball,overs_bowled,economy,best,4W Hall,5W Hall
Lasith Malinga,122,170,3370,2827,471.1,7.15,5/ 13,6,1
Amit Mishra,150,160,3867,3161,526.5,7.34,5/ 17,3,1
Piyush Chawla,163,156,4263,3250,541.4,7.87,4/ 17,2,0
Dwayne Bravo,137,153,3798,2712,452.0,8.4,4/ 22,2,0
Harbhajan Singh,157,150,3967,3374,562.2,7.06,5/ 18,1,1
Ravichandran Ashwin,151,138,3700,3230,538.2,6.87,4/ 34,1,0
Bhuvneshwar Kumar,121,136,3253,2697,449.3,7.24,5/ 19,2,1
Sunil Narine,119,127,3147,2785,464.1,6.77,5/ 19,6,1
Yuzvendra Chahal,98,121,2723,2130,355.0,7.67,4/ 25,2,0
Umesh Yadav,120,119,3578,2523,420.3,8.51,4/ 24,2,0
Ravindra Jadeja,155,114,3470,2713,452.1,7.68,5/ 16,3,1
Jasprit Bumrah,92,109,2587,2092,348.4,7.43,4/ 14,2,0
Sandeep Sharma,92,109,2646,2057,342.5,7.73,4/ 20,2,0
Ashish Nehra,88,106,2495,1908,318.0,7.85,4/ 10,1,0
Vinay Kumar,104,105,2966,2121,353.3,8.4,4/ 40,1,0
Zaheer Khan,99,102,2782,2200,366.4,7.59,4/ 17,1,0
Dale Steyn,95,97,2508,2176,362.4,6.92,3/ 8,0,0
Shane Watson,105,92,2682,2029,338.1,7.93,4/ 29,1,0
Mohit Sharma,86,92,2470,1754,292.2,8.45,4/ 14,1,0
Praveen Kumar,119,90,3251,2524,420.4,7.73,3/ 18,0,0
RP Singh,82,90,2338,1775,295.5,7.91,4/ 22,2,0
Pragyan Ojha,90,89,2337,1898,316.2,7.39,3/ 11,0,0
Dhawal Kulkarni,91,86,2426,1763,293.5,8.27,4/ 14,1,0
Albie Morkel,87,85,2359,1723,287.1,8.22,4/ 32,1,0
Jaydev Unadkat,79,81,2420,1644,274.0,8.83,5/ 25,0,2
Axar Patel,96,80,2456,2019,336.3,7.3,4/ 21,1,0
Chris Morris,70,80,1919,1474,245.4,7.82,4/ 23,3,0
Irfan Pathan,101,80,2649,2043,340.3,7.78,3/ 24,0,0
Imran Tahir,58,80,1687,1292,215.2,7.84,4/ 12,3,0
Morne Morkel,70,77,2089,1629,271.3,7.7,4/ 20,1,0
Lakshmipathy Balaji,73,76,2028,1512,252.0,8.05,5/ 24,3,1
Rashid Khan,62,75,1537,1476,246.0,6.25,3/ 7,0,0
Munaf Patel,63,74,1698,1355,225.5,7.53,5/ 21,2,1
Ishant Sharma,90,71,2604,1925,320.5,8.12,5/ 12,0,1
Mitchell McClenaghan,56,71,1803,1274,212.2,8.5,4/ 21,1,0
Rajat Bhatia,91,71,2020,1636,272.4,7.42,4/ 15,1,0
Ashoke Dinda,75,69,2073,1516,252.4,8.21,4/ 18,1,0
Jacques Kallis,89,65,2293,1742,290.2,7.9,3/ 13,0,0
Siddharth Trivedi,75,65,1904,1506,251.0,7.59,4/ 25,1,0
Muttiah Muralitharan,66,63,1696,1524,254.0,6.68,3/ 11,0,0
Trent Boult,48,63,1577,1109,184.5,8.55,4/ 18,1,0
Kagiso Rabada,35,61,1103,805,134.1,8.23,4/ 21,4,0
Mitchell Johnson,54,61,1702,1232,205.2,8.29,3/ 26,0,0
Andre Russell,68,61,1713,1147,191.1,8.96,4/ 20,1,0
Mohammed Shami,63,60,2007,1354,225.4,8.9,3/ 15,0,0
Kieron Pollard,92,60,1960,1325,220.5,8.89,4/ 44,1,0
Shakib Al Hasan,62,59,1652,1328,221.2,7.47,3/ 17,0,0
Karn Sharma,66,59,1610,1222,203.4,7.92,4/ 16,2,0
James Faulkner,60,59,1778,1227,204.3,8.7,5/ 16,0,2
Shane Warne,54,57,1447,1194,199.0,7.27,4/ 21,1,0
Siddarth Kaul,46,51,1449,1005,167.3,8.66,4/ 29,1,0
Shreyas Gopal,44,48,1164,889,148.1,7.86,4/ 16,1,0
Shahbaz Nadeem,69,47,1748,1391,231.5,7.55,3/ 16,0,0
Shadab Jakati,57,47,1451,1085,180.5,8.04,4/ 22,2,0
Shardul Thakur,44,46,1340,901,150.1,8.93,3/ 19,0,0
Krunal Pandya,69,46,1508,1245,207.3,7.27,3/ 14,0,0
Anureet Singh,45,46,1243,885,147.3,8.44,4/ 19,1,0
Jofra Archer,35,46,979,827,137.5,7.12,3/ 14,0,0
Harshal Patel,46,46,1349,926,154.2,8.75,3/ 28,0,0
Sreenath Aravind,38,45,1039,760,126.4,8.22,4/ 14,2,0
Anil Kumble,42,45,1058,965,160.5,6.59,5/ 5,2,1
Ryan Harris,37,45,1047,832,138.4,7.57,4/ 34,1,0
Deepak Chahar,48,45,1271,1000,166.4,7.64,3/ 15,0,0
Hardik Pandya,60,42,1313,869,144.5,9.09,3/ 20,0,0
Yusuf Pathan,82,42,1415,1147,191.1,7.4,3/ 20,0,0
Varun Aaron,48,42,1429,964,160.4,8.91,3/ 16,0,0
Nathan Coulter-Nile,32,41,925,719,119.5,7.74,4/ 20,1,0
Iqbal Abdulla,48,40,1109,920,153.2,7.24,3/ 24,0,0
Rahul Sharma,44,40,1086,928,154.4,7.03,3/ 13,0,0
S Sreesanth,44,40,1194,880,146.4,8.16,3/ 29,0,0
Andrew Tye,27,40,871,619,103.1,8.45,5/ 17,3,1
Kuldeep Yadav,43,40,1236,896,149.2,8.28,4/ 20,1,0
Parvinder Awana,33,39,1029,747,124.3,8.28,4/ 34,1,0
Mohammed Siraj,35,39,1084,716,119.2,9.09,4/ 32,1,0
Moises Henriques,55,38,1244,890,148.2,8.39,3/ 16,0,0
Manpreet Gony,44,37,1287,888,148.0,8.7,3/ 31,0,0
Doug Bollinger,27,37,693,576,96.0,7.22,4/ 13,1,0
Yuvraj Singh,73,36,1077,869,144.5,7.45,4/ 29,2,0
Pradeep Sangwan,39,35,1175,802,133.4,8.81,3/ 18,0,0
Mitchell Starc,26,34,693,580,96.4,7.19,4/ 15,1,0
Pawan Negi,42,34,939,716,119.2,7.88,4/ 18,1,0
Daniel Christian,40,34,1037,783,130.3,7.96,2/ 10,0,0
Kevon Cooper,25,33,757,576,96.0,7.89,4/ 26,1,0
Thisara Perera,36,31,1016,698,116.2,8.74,3/ 20,0,0
Murali Kartik,55,31,1388,1149,191.3,7.26,3/ 17,0,0
Rahul Chahar,30,30,799,642,107.0,7.47,3/ 19,0,0
Azhar Mahmood,23,29,700,537,89.3,7.84,3/ 20,0,0
Ajit Agarkar,42,29,1151,782,130.2,8.84,3/ 25,0,0
Pat Cummins,30,29,908,673,112.1,8.1,4/ 34,1,0
Dirk Nannes,29,28,785,646,107.4,7.31,3/ 27,0,0
Daniel Vettori,34,28,879,777,129.3,6.8,3/ 15,0,0
Pravin Tambe,33,28,853,660,110.0,7.75,4/ 20,1,0
Ben Stokes,36,28,962,677,112.5,8.55,3/ 15,0,0
Marcus Stoinis,37,28,852,545,90.5,9.41,4/ 15,1,0
Tim Southee,40,28,1293,888,148.0,8.74,3/ 24,0,0
Angelo Mathews,44,27,1079,791,131.5,8.21,4/ 19,1,0
Farveez Maharoof,20,27,520,420,70.0,7.43,3/ 34,0,0
Khaleel Ahmed,17,27,567,381,63.3,8.96,3/ 30,0,0
Dwayne Smith,46,26,810,539,89.5,9.05,4/ 8,1,0
Wayne Parnell,26,26,701,572,95.2,7.36,3/ 27,0,0
Harmeet Singh,27,26,697,525,87.3,7.98,3/ 24,0,0
Suresh Raina,69,25,1118,908,151.2,7.39,2/ 0,0,0
Murugan Ashwin,31,25,784,606,101.0,7.76,3/ 21,0,0
Johan Botha,34,25,800,694,115.4,6.93,3/ 6,0,0
Brett Lee,38,25,1095,875,145.5,7.53,3/ 15,0,0
Chris Woakes,18,25,576,374,62.2,9.26,3/ 6,0,0
Mustafizur Rahman,24,24,685,547,91.1,7.52,3/ 16,0,0
Ankit Rajpoot,29,24,813,530,88.2,9.22,5/ 14,0,1
Washington Sundar,35,24,749,654,109.0,6.87,3/ 16,0,0
Rahul Tewatia,32,24,680,572,95.2,7.14,3/ 18,0,0
Sam Curran,22,23,667,450,75.0,8.89,4/ 11,1,0
Brad Hogg,21,23,570,458,76.2,7.48,4/ 29,1,0
Shaun Tait,21,23,640,473,78.5,8.15,3/ 13,0,0
JP Duminy,49,23,834,678,113.0,7.38,4/ 17,1,0
Benjamin Hilfenhaus,17,22,479,372,62.0,7.73,3/ 27,0,0
Sohail Tanvir,11,22,266,247,41.1,6.47,6/ 14,1,1
Anrich Nortje,16,22,512,366,61.0,8.39,3/ 33,0,0
Stuart Binny,63,22,758,594,99.0,7.66,2/ 14,0,0
Roelof van der Merwe,21,21,498,443,73.5,6.78,3/ 20,0,0
Yo Mahesh,17,21,499,339,56.3,8.86,4/ 36,1,0
Chris Jordan,20,21,602,387,64.3,9.36,4/ 11,1,0
Adam Zampa,14,21,370,287,47.5,7.79,6/ 19,0,1
Mitchell Marsh,19,20,420,319,53.1,7.91,4/ 25,1,0
Lungi Ngidi,11,20,323,252,42.0,7.69,4/ 10,1,0
Andrew Symonds,30,20,674,527,87.5,7.7,3/ 21,0,0
Jason Holder,18,19,539,384,64.0,8.42,3/ 25,0,0
Glenn Maxwell,50,19,780,546,91.0,8.57,2/ 15,0,0
Dimitri Mascarenhas,13,19,356,308,51.2,6.95,5/ 25,0,1
Chris Gayle,38,18,729,554,92.2,7.91,3/ 21,0,0
Varun Chakravarthy,14,18,391,330,55.0,7.11,5/ 20,0,1
Chaminda Vaas,13,18,355,282,47.0,7.55,3/ 21,0,0
T Natarajan,22,18,619,453,75.3,8.22,2/ 24,0,0
Prasidh Krishna,24,18,800,516,86.0,9.3,4/ 30,1,0
Ishwar Pandey,24,18,591,462,77.0,7.68,2/ 23,0,0
Ashish Reddy,20,18,396,262,43.4,9.12,3/ 25,0,0
Barinder Sran,24,18,757,483,80.3,9.43,3/ 28,0,0
Kane Richardson,14,18,443,317,52.5,8.44,3/ 13,0,0
Rishi Dhawan,25,18,640,488,81.2,7.88,2/ 14,0,0
Brad Hodge,20,17,303,234,39.0,7.77,4/ 13,1,0
Mujeeb Ur Rahman,18,17,563,410,68.2,8.26,3/ 27,0,0
Dilhara Fernando,10,17,298,234,39.0,7.64,4/ 18,1,0
Basil Thampi,20,17,694,425,70.5,9.84,3/ 29,0,0
Navdeep Saini,26,17,776,562,93.4,8.31,2/ 24,0,0
Bipul Sharma,28,17,572,426,71.0,8.06,2/ 13,0,0
Mayank Markande,17,16,427,300,50.0,8.54,4/ 23,1,0
David Wiese,14,16,402,278,46.2,8.7,4/ 33,1,0
Yusuf Abdulla,11,15,307,209,34.5,8.9,4/ 31,2,0
Laxmi Shukla,27,15,447,314,52.2,8.56,3/ 6,0,0
Rohit Sharma,30,15,440,332,55.2,7.97,4/ 6,1,0
Shivam Mavi,17,14,482,324,54.0,8.93,2/ 15,0,0
James Hopes,20,14,548,360,60.0,9.13,2/ 2,0,0
Ravi Rampaul,12,14,298,262,43.4,6.87,3/ 31,0,0
Shalabh Srivastava,14,14,441,282,47.0,9.38,2/ 20,0,0
Alfonso Thomas,15,14,406,315,52.3,7.76,3/ 22,0,0
Krishnappa Gowtham,24,13,562,408,68.0,8.26,2/ 12,0,0
Carlos Brathwaite,16,13,379,254,42.2,8.98,3/ 47,0,0
Sanath Jayasuriya,21,13,390,294,49.0,7.96,3/ 14,0,0
Sandeep Lamichhane,9,13,292,210,35.0,8.34,3/ 36,0,0
Charl Langeveldt,7,13,187,156,26.0,7.19,3/ 15,0,0
Ramesh Powar,26,13,527,426,71.0,7.42,2/ 11,0,0
Umar Gul,6,12,184,135,22.3,8.25,4/ 23,1,0
Karanveer Singh,9,12,321,204,34.0,9.44,4/ 54,1,0
Glenn McGrath,14,12,357,324,54.0,6.61,4/ 29,1,0
Abu Nechim,17,12,498,344,57.2,8.71,2/ 13,0,0
Ravi Bishnoi,14,12,376,306,51.0,7.37,3/ 29,0,0
Arshdeep Singh,11,12,327,209,34.5,9.48,3/ 23,0,0
Vikram Singh,18,12,542,360,60.0,9.03,3/ 29,0,0
Joginder Sharma,15,12,419,256,42.4,9.88,2/ 27,0,0
Ryan McLaren,18,12,542,354,59.0,9.19,2/ 28,0,0
Jagadeesha Suchith,14,12,396,270,45.0,8.8,2/ 14,0,0
Ankit Sharma,21,12,450,367,61.1,7.36,2/ 20,0,0
Bhargav Bhatt,15,12,397,296,49.2,8.07,4/ 22,1,0
James Pattinson,10,11,320,213,35.3,9.07,2/ 19,0,0
Corey Anderson,22,11,518,297,49.3,10.51,2/ 18,0,0
Mohammad Nabi,14,11,322,295,49.1,6.56,4/ 11,1,0
Samuel Badree,12,11,319,258,43.0,7.42,4/ 9,1,0
Shaun Pollock,13,11,301,276,46.0,6.54,3/ 12,0,0
Ajit Chandila,12,11,242,234,39.0,6.21,4/ 13,1,0
Ravi Bopara,14,11,292,206,34.2,8.54,3/ 31,0,0
Pankaj Singh,17,11,468,300,50.0,9.36,2/ 18,0,0
Andrew McDonald,10,11,261,186,31.0,8.42,2/ 25,0,0
Daren Sammy,19,11,350,236,39.2,8.93,4/ 22,1,0
Lockie Ferguson,14,11,424,299,49.5,8.57,3/ 15,0,0
Sourav Ganguly,20,10,363,276,46.0,7.89,2/ 21,0,0
Ben Laughlin,9,10,282,168,28.0,10.07,2/ 15,0,0
Ben Cutting,17,10,429,281,46.5,9.23,2/ 20,0,0
Veer Pratap Singh,9,10,296,204,34.0,8.71,2/ 31,0,0
Moeen Ali,17,10,308,259,43.1,7.15,2/ 18,0,0
Abhishek Nayar,19,9,322,229,38.1,8.45,3/ 13,0,0
Marlon Samuels,11,9,284,214,35.4,8.02,3/ 39,0,0
Prashanth Parameswaran,8,9,224,154,25.4,8.82,3/ 30,0,0
Beuran Hendricks,7,9,235,150,25.0,9.4,3/ 36,0,0
Juan Theron,10,9,293,216,36.0,8.14,2/ 17,0,0
Sachithra Senanayake,8,9,209,192,32.0,6.53,2/ 26,0,0
Shahid Afridi,10,9,225,180,30.0,7.5,3/ 28,0,0
Shane Bond,8,9,224,186,31.0,7.23,2/ 24,0,0
Tom Curran,10,9,326,170,28.2,11.56,2/ 19,0,0
Ali Murtuza,12,9,313,264,44.0,7.11,3/ 15,0,0
Ish Sodhi,8,9,202,181,30.1,6.71,3/ 26,0,0
Keemo Paul,8,9,237,163,27.1,8.75,3/ 17,0,0
James Franklin,15,9,220,151,25.1,8.76,2/ 18,0,0
Jacob Oram,14,9,349,237,39.3,8.88,3/ 32,0,0
Kartik Tyagi,10,9,367,229,38.1,9.63,2/ 36,0,0
Kamran Khan,9,9,224,160,26.4,8.48,3/ 18,0,0
K P Appanna,13,9,286,216,36.0,7.94,4/ 19,1,0
Jesse Ryder,16,8,303,236,39.2,7.73,2/ 14,0,0
Ajantha Mendis,10,8,285,240,40.0,7.12,2/ 19,0,0
David Hussey,26,8,474,317,52.5,9.03,2/ 2,0,0
Syed Mohammad,11,8,283,192,32.0,8.84,2/ 15,0,0
Anand Rajan,8,8,201,149,24.5,8.2,3/ 27,0,0
Mohammad Asif,8,8,296,192,32.0,9.25,2/ 19,0,0
KC Cariappa,11,8,348,216,36.0,9.67,2/ 16,0,0
Isuru Udana,10,8,282,174,29.0,9.72,2/ 41,0,0
Thilan Thushara,6,8,161,135,22.3,7.22,2/ 16,0,0
Ankeet Chavan,13,8,326,248,41.2,7.91,2/ 23,0,0
Scott Styris,11,8,276,216,36.0,7.67,3/ 32,0,0
Palani Amarnath,6,7,236,132,22.0,10.73,2/ 29,0,0
Nitish Rana,14,7,142,103,17.1,8.3,2/ 11,0,0
Paul Valthaty,10,7,205,151,25.1,8.17,4/ 29,1,0
Makhaya Ntini,9,7,242,210,35.0,6.91,4/ 21,1,0
Deepak Hooda,21,7,322,229,38.1,8.45,2/ 16,0,0
Abhimanyu Mithun,16,7,472,288,48.0,9.83,2/ 37,0,0
Harry Gurney,8,7,238,162,27.0,8.81,2/ 25,0,0
Hardus Viljoen,6,7,222,138,23.0,9.65,2/ 39,0,0
Kevin Pietersen,13,7,215,174,29.0,7.41,2/ 31,0,0
Aavishkar Salvi,7,7,200,150,25.0,8.0,2/ 19,0,0
Billy Stanlake,6,7,200,144,24.0,8.33,2/ 21,0,0
Alzarri Joseph,3,6,87,52,8.4,10.36,6/ 12,0,1
Colin de Grandhomme,19,6,319,216,36.0,8.86,3/ 4,0,0
Sheldon Cottrell,6,6,176,120,20.0,8.8,2/ 17,0,0
Sudeep Tyagi,14,6,295,209,34.5,8.55,2/ 18,0,0
Suraj Randiv,8,6,223,174,29.0,7.69,2/ 24,0,0
Jerome Taylor,5,6,157,117,19.3,8.13,3/ 30,0,0
Tirumalasetti Suman,11,6,197,150,25.0,7.88,2/ 14,0,0
Rohan Raje,10,6,209,139,23.1,9.05,2/ 16,0,0
Jayant Yadav,14,6,289,264,44.0,6.57,1/ 8,0,0
Balachandra Akhil,13,6,242,188,31.2,7.76,2/ 17,0,0
Mitchell Santner,6,6,147,126,21.0,7.0,2/ 13,0,0
Venugopal Rao,20,6,337,216,36.0,9.36,2/ 23,0,0
Vijay Shankar,15,6,229,163,27.1,8.45,1/ 11,0,0
Vikramjeet Malik,13,6,261,205,34.1,7.65,2/ 14,0,0
Jaskaran Singh,7,6,171,102,17.0,10.06,2/ 18,0,0
Shivil Kaushik,10,6,297,204,34.0,8.74,3/ 20,0,0
Virender Sehwag,15,6,235,136,22.4,10.49,2/ 18,0,0
Aditya Dole,3,5,112,66,11.0,10.18,2/ 36,0,0
Nuwan Kulasekara,5,5,120,102,17.0,7.06,2/ 10,0,0
Marchant de Lange,5,5,169,108,18.0,9.39,3/ 34,0,0
Gurkeerat Singh,6,5,97,78,13.0,7.46,2/ 15,0,0
Kamlesh Nagarkoti,9,5,231,156,26.0,8.88,2/ 13,0,0
Avesh Khan,9,5,299,180,30.0,9.97,2/ 29,0,0
Raiphi Gomez,9,5,129,96,16.0,8.06,2/ 14,0,0
Oshane Thomas,4,5,79,60,10.0,7.9,2/ 6,0,0
Sumit Narwal,6,5,202,106,17.4,11.61,3/ 36,0,0
Rahul Shukla,7,5,208,120,20.0,10.4,2/ 28,0,0
Sarabjit Ladda,9,5,224,138,23.0,9.74,2/ 44,0,0
Shoaib Akhtar,3,5,54,42,7.0,7.71,4/ 11,1,0
Aniket Choudhary,5,5,144,101,16.5,8.73,2/ 17,0,0
Tillakaratne Dilshan,25,5,366,271,45.1,8.12,1/ 3,0,0
Shrikant Wagh,8,5,137,102,17.0,8.06,3/ 16,0,0
Shoaib Ahmed,7,5,152,102,17.0,8.94,2/ 20,0,0
Fidel Edwards,6,5,154,140,23.2,6.64,2/ 27,0,0
Jason Behrendorff,5,5,165,114,19.0,8.68,2/ 22,0,0
Tymal Mills,5,5,153,107,17.5,8.74,2/ 31,0,0
Paul Collingwood,6,5,101,89,14.5,6.97,2/ 19,0,0
Shikhar Dhawan,6,4,66,48,8.0,8.25,1/ 7,0,0
Shivam Sharma,5,4,165,114,19.0,8.68,2/ 26,0,0
Sanjay Bangar,9,4,219,150,25.0,8.76,2/ 34,0,0
Parvez Rasool,11,4,271,198,33.0,8.21,1/ 20,0,0
Paidikalva Vijaykumar,9,4,199,152,25.2,7.9,1/ 17,0,0
Dillon du Preez,2,4,56,42,7.0,8.0,3/ 32,0,0
Liam Plunkett,7,4,225,150,25.0,9.0,3/ 17,0,0
Domnic Joseph,6,4,101,84,14.0,7.21,2/ 18,0,0
Adam Milne,5,4,177,108,18.0,9.83,2/ 27,0,0
Virat Kohli,26,4,368,251,41.5,8.87,2/ 25,0,0
Wilkin Mota,7,4,97,72,12.0,8.08,1/ 6,0,0
Yogesh Nagar,8,4,125,66,11.0,11.36,2/ 20,0,0
Shivam Dube,7,4,81,64,10.4,7.79,2/ 15,0,0
Shane Harwood,3,3,73,60,10.0,7.3,2/ 25,0,0
Rajagopal Sathish,14,3,232,139,23.1,10.04,1/ 11,0,0
Gagandeep Singh,4,3,141,84,14.0,10.07,1/ 33,0,0
Robin Peterson,4,3,70,48,8.0,8.75,3/ 37,0,0
Dominic Thornely,4,3,40,42,7.0,5.71,2/ 7,0,0
Doug Bracewell,1,3,32,24,4.0,8.0,3/ 32,0,0
Ryan Ninan,2,3,65,36,6.0,10.83,2/ 31,0,0
James Neesham,9,3,239,144,24.0,9.96,1/ 17,0,0
Pardeep Sahu,5,3,146,105,17.3,8.44,2/ 18,0,0
Abhishek Sharma,8,3,112,72,12.0,9.33,1/ 10,0,0
Love Ablish,3,3,75,42,7.0,10.71,2/ 17,0,0
Tushar Deshpande,5,3,192,102,17.0,11.29,2/ 37,0,0
Kulwant Khejroliya,5,3,153,95,15.5,9.87,2/ 33,0,0
Krishmar Santokie,2,3,90,48,8.0,11.25,2/ 50,0,0
Tabraiz Shamsi,4,3,147,96,16.0,9.19,1/ 21,0,0
Ashok Menaria,12,3,144,110,18.2,7.91,2/ 20,0,0
KM Asif,2,3,75,36,6.0,12.5,2/ 43,0,0
Johan van der Wath,3,3,129,72,12.0,10.75,2/ 49,0,0
John Hastings,3,3,66,58,9.4,7.02,2/ 6,0,0
Justin Kemp,5,3,54,44,7.2,7.5,3/ 12,0,0
Shahbaz Ahmed,2,2,44,36,6.0,7.33,2/ 26,0,0
Chetanya Nanda,3,2,57,48,8.0,7.12,1/ 4,0,0
Sachin Baby,2,2,8,10,1.4,5.71,2/ 4,0,0
Siddharth Chitnis,2,2,60,36,6.0,10.0,2/ 40,0,0
Amit Uniyal,2,2,66,36,6.0,11.0,2/ 41,0,0
Travis Head,5,2,81,48,8.0,10.12,2/ 30,0,0
Ryan ten Doeschate,10,2,94,78,13.0,7.23,1/ 7,0,0
Andrew Flintoff,3,2,105,66,11.0,9.55,1/ 11,0,0
David Willey,3,2,95,60,10.0,9.5,1/ 24,0,0
Sandeep Warrier,4,2,119,90,15.0,7.93,2/ 31,0,0
Ankit Soni,6,2,144,109,18.1,7.96,1/ 16,0,0
Shoaib Malik,5,2,85,51,8.3,10.24,1/ 6,0,0
Scott Boland,2,2,54,42,7.0,7.71,2/ 31,0,0
Scott Kuggeleijn,2,2,71,48,8.0,8.88,2/ 37,0,0
Michael Clarke,5,2,67,66,11.0,6.09,1/ 12,0,0
Doddapaneni Kalyankrishna,3,2,87,48,8.0,10.88,1/ 30,0,0
Javon Searles,3,2,89,42,7.0,12.71,1/ 24,0,0
Luke Wright,6,2,124,71,11.5,10.78,1/ 12,0,0
Nayan Doshi,4,2,79,56,9.2,8.59,1/ 15,0,0
Musavir Khote,2,2,51,30,5.0,10.2,2/ 29,0,0
Kyle Abbott,5,2,177,96,16.0,11.06,1/ 38,0,0
Nuwan Zoysa,3,2,99,66,11.0,9.0,1/ 30,0,0
Pawan Suyal,5,2,151,96,16.0,9.44,1/ 21,0,0
Riyan Parag,9,2,148,96,16.0,9.25,1/ 10,0,0
Mohammad Hafeez,4,2,68,60,10.0,6.8,1/ 8,0,0
Brett Geeves,2,1,91,48,8.0,11.38,1/ 50,0,0
Anukul Roy,1,1,11,12,2.0,5.5,1/ 11,0,0
Josh Hazlewood,3,1,64,60,10.0,6.4,1/ 19,0,0
Soumya Sarkar,2,1,34,25,4.1,8.29,1/ 15,0,0
Shubham Agarwal,1,1,42,24,4.0,10.5,1/ 42,0,0
Sunil Joshi,4,1,82,55,9.1,9.01,1/ 27,0,0
Jeevan Mendis,2,1,36,30,5.0,7.2,1/ 16,0,0
Shrikant Mundhe,1,1,6,6,1.0,6.0,1/ 6,0,0
Cameron White,6,1,86,42,7.0,12.29,1/ 14,0,0
Ashley Noffke,1,1,40,24,4.0,10.0,1/ 40,0,0
Swapnil Singh,5,1,90,60,10.0,9.0,1/ 14,0,0
Dwaraka Ravi Teja,2,1,28,18,3.0,9.33,1/ 19,0,0
TP Sudhindra,3,1,136,70,11.4,11.93,1/ 46,0,0
Nathu Singh,2,1,15,24,4.0,3.75,1/ 7,0,0
Prithvi Raj,2,1,57,30,5.0,11.4,1/ 29,0,0
Lee Carseldine,1,1,6,6,1.0,6.0,1/ 6,0,0
Lendl Simmons,1,1,34,18,3.0,11.33,1/ 34,0,0
Tyron Henderson,2,1,40,36,6.0,6.67,1/ 30,0,0
Ajinkya Rahane,1,1,5,6,1.0,5.0,1/ 5,0,0
Vidyut Sivaramakrishnan,1,1,22,12,2.0,11.0,1/ 22,0,0
Adam Gilchrist,1,1,0,1,0.1,0.0,1/ 0,0,0
Manoj Tiwary,6,1,83,42,7.0,11.86,1/ 11,0,0
Abhishek Jhunjhunwala,10,1,129,85,14.1,9.15,1/ 13,0,0
Matt Henry,2,1,71,30,5.0,14.2,1/ 31,0,0
Abdul Samad,3,1,96,42,7.0,13.71,1/ 41,0,0
Andr√© Nel,1,1,31,18,3.0,10.33,1/ 31,0,0
Aaron Finch,5,1,67,43,7.1,9.44,1/ 11,0,0
Dinesh Salunkhe,5,1,78,47,7.5,10.4,1/ 21,0,0
Clint McKay,2,1,60,42,7.0,8.57,1/ 36,0,0
Gurinder Sandhu,2,1,82,48,8.0,10.25,1/ 33,0,0
Graham Napier,1,1,27,24,4.0,6.75,1/ 27,0,0
Sarvesh Kumar,2,1,42,30,5.0,8.4,1/ 18,0,0
D'Arcy Short,2,1,19,18,3.0,6.33,1/ 10,0,0
Harmeet Singh (2),1,1,34,24,4.0,8.5,1/ 34,0,0
Ronit More,2,1,59,35,5.5,10.73,1/ 31,0,0
Hanuma Vihari,6,1,47,42,7.0,6.71,1/ 5,0,0
Sherfane Rutherford,6,1,59,41,6.5,9.08,1/ 6,0,0
Mark Wood,1,0,49,24,4.0,12.25,0/ 49,0,0
Monu Kumar,1,0,20,12,2.0,10.0,0/ 20,0,0
Krishnakant Upadhyay,3,0,81,54,9.0,9.0,0/ 19,0,0
Sachin Rana,3,0,18,16,2.4,7.5,0/ 2,0,0
Murali Vijay,4,0,49,36,6.0,8.17,0/ 8,0,0
Abdur Razzak,1,0,29,12,2.0,14.5,0/ 29,0,0
Sachin Tendulkar,4,0,58,36,6.0,9.67,0/ 7,0,0
Sarfaraz Khan,1,0,6,2,0.2,30.0,0/ 6,0,0
Gnaneshwara Rao,1,0,7,6,1.0,7.0,0/ 7,0,0
Liam Livingstone,1,0,13,6,1.0,13.0,0/ 13,0,0
Akila Dananjaya,1,0,47,24,4.0,11.75,0/ 47,0,0
Ross Taylor,2,0,24,12,2.0,12.0,0/ 11,0,0
Ray Price,1,0,33,18,3.0,11.0,0/ 33,0,0
Adam Voges,7,0,76,54,9.0,8.44,0/ 5,0,0
Mithun Manhas,3,0,42,42,7.0,6.0,0/ 9,0,0
Mohnsinh Parmar,1,0,33,18,3.0,11.0,0/ 33,0,0
Rohan Gavaskar,1,0,8,6,1.0,8.0,0/ 8,0,0
Faiz Fazal,2,0,20,12,2.0,10.0,0/ 6,0,0
Mahipal Lomror,2,0,27,18,3.0,9.0,0/ 8,0,0
Nathan McCullum,2,0,34,30,5.0,6.8,0/ 12,0,0
Vikrant Yeligati,2,0,59,30,5.0,11.8,0/ 16,0,0
Michael Neser,1,0,62,24,4.0,15.5,0/ 62,0,0
Mandeep Singh,2,0,26,12,2.0,13.0,0/ 8,0,0
Mashrafe Mortaza,1,0,58,24,4.0,14.5,0/ 58,0,0
Abhishek Raut,5,0,44,30,5.0,8.8,0/ 6,0,0
Abrar Kazi,1,0,21,12,2.0,10.5,0/ 21,0,0
Chamara Kapugedera,3,0,49,17,2.5,19.6,0/ 8,0,0
Sean Abbott,2,0,57,30,5.0,11.4,0/ 21,0,0
Nathan Rimmington,1,0,19,18,3.0,6.33,0/ 19,0,0
Rahil Shaikh,1,0,11,6,1.0,11.0,0/ 11,0,0
Ishan Malhotra,1,0,23,6,1.0,23.0,0/ 23,0,0
Prayas Barman,1,0,56,24,4.0,14.0,0/ 56,0,0
Rahul Tripathi,1,0,12,6,1.0,12.0,0/ 12,0,0
Praveen Dubey,3,0,72,48,8.0,9.0,0/ 14,0,0
Harpreet Brar,3,0,89,54,9.0,9.89,0/ 24,0,0
Chamara Silva,1,0,21,6,1.0,21.0,0/ 21,0,0
Chandrasekar Ganapathy,1,0,13,6,1.0,13.0,0/ 13,0,0
Raju Bhatkal,1,0,35,12,2.0,17.5,0/ 35,0,0
Chris Green,1,0,24,17,2.5,9.6,0/ 24,0,0
Bharat Chipli,1,0,20,6,1.0,20.0,0/ 20,0,0
Ben Rohrer,1,0,12,6,1.0,12.0,0/ 12,0,0
Junior Dala,1,0,34,18,3.0,11.33,0/ 34,0,0
Faf du Plessis,1,0,16,6,1.0,16.0,0/ 16,0,0
Steve Smith,1,0,5,2,0.2,25.0,0/ 5,0,0
Kane Williamson,2,0,31,18,3.0,10.33,0/ 7,0,0
Padmanabhan Prasanth,1,0,18,6,1.0,18.0,0/ 18,0,0
Sudhesan Midhun,1,0,27,12,2.0,13.5,0/ 27,0,0
Colin Munro,2,0,15,12,2.0,7.5,0/ 7,0,0
Ranadeb Bose,1,0,24,12,2.0,12.0,0/ 24,0,0
Karan Goel,6,0,93,66,11.0,8.45,0/ 7,0,0
Sunny Gupta,1,0,47,18,3.0,15.67,0/ 47,0,0
Daniel Harris,2,0,26,18,3.0,8.67,0/ 11,0,0
Suryakumar Yadav,1,0,8,6,1.0,8.0,0/ 8,0,0
Daniel Sams,3,0,114,72,12.0,9.5,0/ 30,0,0
Asad Pathan,3,0,63,39,6.3,10.0,0/ 14,0,0
Rasikh Salam,1,0,42,24,4.0,10.5,0/ 42,0,0
David Warner,1,0,2,1,0.1,20.0,0/ 2,0,0
Kemar Roach,2,0,80,48,8.0,10.0,0/ 32,0,0
Tejas Baroka,1,0,33,21,3.3,10.0,0/ 33,0,0
Sridharan Sriram,2,0,49,18,3.0,16.33,0/ 24,0,0
